driver,team,finish_position,grid_position,pit_stops,status,retire_label,dnf,grid_used,q_best_lap_s,q_gap_to_pole_s,q_teammate_gap_s,grid_vs_pace_delta,fp3_race_lap_delta_s,fp3_race_s1_delta_s,fp3_race_s2_delta_s,fp3_race_s3_delta_s,fp3_race_speed_max,fp3_race_teammate_delta_s,fp2_race_lap_delta_s,fp2_race_s1_delta_s,fp2_race_s2_delta_s,fp2_race_s3_delta_s,fp2_race_speed_max,fp2_race_teammate_delta_s,fp_theoretical_gap_s,driver_points,driver_championship_pos,constructor_points,constructor_championship_pos,avg_finish_last_n,dnf_rate_last_n,is_street_circuit,overtake_index,year,round,circuit_name,position_delta
SAI,Ferrari,1.0,2.0,2,Finished,,0,2.0,76.185,0.27,0.0,0.0,0.07699999999999818,0.010000000000001563,0.21999999999999886,0.0,324.0,0.07699999999999818,0.4299999999999926,0.14099999999999824,0.1410000000000018,0.14300000000000068,321.0,0.4299999999999926,0.021,15.0,6.0,49.0,2.0,3.0,0.0,1,0.35,2024,3,Albert Park Grand Prix Circuit,-1.0
LEC,Ferrari,2.0,4.0,2,Finished,,0,4.0,76.304,0.389,0.119,0.0,0.0,0.09000000000000341,0.07000000000000028,0.04899999999999949,323.0,0.0,0.0,0.0,0.0,0.0,321.0,0.0,0.0,28.0,3.0,49.0,2.0,3.5,0.0,1,0.35,2024,3,Albert Park Grand Prix Circuit,-2.0
NOR,McLaren,3.0,3.0,2,Finished,,0,3.0,76.315,0.4,0.0,-2.0,0.7759999999999962,0.03400000000000247,0.35800000000000054,0.554000000000002,319.0,0.4029999999999916,0.8780000000000001,0.34299999999999997,0.08900000000000219,0.4159999999999968,322.0,0.07800000000000296,0.705,12.0,8.0,28.0,3.0,7.0,0.0,1,0.35,2024,3,Albert Park Grand Prix Circuit,0.0
PIA,McLaren,4.0,5.0,2,Finished,,0,5.0,76.572,0.657,0.257,-1.0,0.37300000000000466,0.03300000000000125,0.18999999999999773,0.43200000000000216,321.0,0.0,0.7999999999999972,0.34699999999999775,0.07600000000000051,0.367999999999995,320.0,0.0,0.446,16.0,5.0,28.0,3.0,6.0,0.0,1,0.35,2024,3,Albert Park Grand Prix Circuit,-1.0
PER,Red Bull,5.0,6.0,2,Finished,,0,6.0,76.274,0.359,0.359,3.0,0.29999999999999716,0.23500000000000298,0.053000000000000824,0.3100000000000023,328.0,0.28000000000000114,0.8130000000000024,0.36599999999999966,0.21000000000000085,0.25799999999999557,322.0,0.43200000000000216,0.389,36.0,2.0,87.0,1.0,2.0,0.0,1,0.35,2024,3,Albert Park Grand Prix Circuit,-1.0
STR,Aston Martin,6.0,9.0,2,Finished,,0,9.0,76.78,0.865,0.07,0.0,0.6269999999999953,0.14700000000000202,0.3039999999999985,0.40800000000000125,322.0,0.3439999999999941,0.5450000000000017,0.08999999999999986,0.08999999999999986,0.269999999999996,323.0,0.0,0.65,1.0,12.0,13.0,5.0,14.5,0.5,1,0.35,2024,3,Albert Park Grand Prix Circuit,-3.0
TSU,RB F1 Team,7.0,8.0,2,Finished,,0,8.0,76.788,0.873,0.0,-2.0,0.9590000000000032,0.24600000000000222,0.33200000000000074,0.679000000000002,321.0,0.0,0.9110000000000014,0.4139999999999979,0.19900000000000162,0.3639999999999972,321.0,0.0,1.048,0.0,18.0,0.0,9.0,14.5,0.0,1,0.35,2024,3,Albert Park Grand Prix Circuit,-1.0
ALO,Aston Martin,8.0,10.0,2,Finished,,0,10.0,76.71,0.795,0.0,3.0,0.28300000000000125,0.10400000000000276,0.10299999999999798,0.37400000000000233,323.0,0.0,0.6350000000000051,0.21799999999999997,0.08699999999999974,0.33899999999999864,322.0,0.09000000000000341,0.372,12.0,7.0,13.0,5.0,7.0,0.0,1,0.35,2024,3,Albert Park Grand Prix Circuit,-2.0
HUL,Haas F1 Team,9.0,16.0,2,Finished,,0,16.0,77.976,2.061,0.549,0.0,1.2270000000000039,0.3960000000000008,0.18100000000000094,0.7690000000000055,326.0,0.0,1.4249999999999972,0.6179999999999986,0.245000000000001,0.6280000000000001,323.0,0.0,1.137,1.0,11.0,1.0,6.0,13.0,0.0,1,0.35,2024,3,Albert Park Grand Prix Circuit,-7.0
MAG,Haas F1 Team,10.0,14.0,2,Lapped,,0,14.0,77.427,1.512,0.0,0.0,1.2469999999999999,0.397000000000002,0.2289999999999992,0.7240000000000038,326.0,0.01999999999999602,1.9980000000000047,0.37299999999999756,0.14000000000000057,0.7539999999999978,324.0,0.5730000000000075,1.141,0.0,15.0,1.0,6.0,12.0,0.0,1,0.35,2024,3,Albert Park Grand Prix Circuit,-4.0
ALB,Williams,11.0,12.0,2,Lapped,,0,12.0,77.13,1.215,0.0,0.0,1.0450000000000017,0.2840000000000025,0.20199999999999818,0.8170000000000002,325.0,0.0,0.8945000000000007,0.347999999999999,0.14050000000000118,0.3734999999999964,321.5,0.006999999999997897,1.094,0.0,13.0,0.0,7.0,13.0,0.0,1,0.35,2024,3,Albert Park Grand Prix Circuit,-1.0
RIC,RB F1 Team,12.0,18.0,2,Lapped,,0,18.0,78.085,2.17,1.297,0.0,1.2489999999999952,0.3180000000000014,0.36299999999999955,0.8659999999999997,322.0,0.28999999999999204,1.257000000000005,0.3490000000000002,0.2980000000000018,0.6759999999999948,321.0,0.34600000000000364,1.338,0.0,16.0,0.0,9.0,14.5,0.0,1,0.35,2024,3,Albert Park Grand Prix Circuit,-6.0
GAS,Alpine F1 Team,13.0,17.0,2,Lapped,,0,17.0,77.982,2.067,0.365,0.0,1.676000000000002,0.5370000000000026,0.4789999999999992,0.8260000000000005,319.0,0.46999999999999886,1.4140000000000015,0.5399999999999991,0.16000000000000014,0.7419999999999973,321.0,0.0,1.551,0.0,21.0,0.0,10.0,19.0,0.5,1,0.35,2024,3,Albert Park Grand Prix Circuit,-4.0
BOT,Kick Sauber,14.0,13.0,2,Lapped,,0,13.0,77.34,1.425,0.0,0.0,1.0379999999999967,0.3450000000000024,0.43100000000000094,0.4590000000000032,321.0,0.0,1.3079999999999927,0.3379999999999974,0.3910000000000018,0.644999999999996,319.0,0.16399999999998727,1.026,0.0,20.0,0.0,8.0,18.0,0.0,1,0.35,2024,3,Albert Park Grand Prix Circuit,1.0
ZHO,Kick Sauber,15.0,19.0,3,Lapped,,0,19.0,78.188,2.273,0.848,0.0,1.1620000000000061,0.48200000000000287,0.4480000000000004,0.5300000000000011,320.0,0.12400000000000944,1.1440000000000055,0.5350000000000001,0.22500000000000142,0.3789999999999978,321.0,0.0,1.251,0.0,14.0,0.0,8.0,14.5,0.0,1,0.35,2024,3,Albert Park Grand Prix Circuit,-4.0
OCO,Alpine F1 Team,16.0,15.0,3,Lapped,,0,15.0,77.617,1.702,0.0,0.0,1.206000000000003,0.34800000000000253,0.28800000000000026,0.8680000000000021,323.0,0.0,1.4279999999999973,0.565999999999999,0.13700000000000045,0.652000000000001,322.0,0.013999999999995794,1.295,0.0,17.0,0.0,10.0,15.0,0.0,1,0.35,2024,3,Albert Park Grand Prix Circuit,1.0
RUS,Mercedes,17.0,7.0,2,Retired,DNF,1,7.0,76.724,0.809,0.0,-1.0,0.17199999999999704,0.0,0.21699999999999875,0.1980000000000004,318.0,0.0799999999999983,0.6739999999999924,0.08899999999999864,0.11500000000000199,0.36299999999999955,321.0,0.0,0.206,18.0,4.0,26.0,4.0,5.5,0.0,1,0.35,2024,3,Albert Park Grand Prix Circuit,10.0
HAM,Mercedes,18.0,11.0,1,Retired,DNF,1,11.0,76.96,1.045,0.236,0.0,0.09199999999999875,0.07900000000000063,0.120000000000001,0.12700000000000244,324.0,0.0,1.5570000000000022,0.5629999999999988,0.15000000000000213,0.6739999999999995,322.0,0.8830000000000098,0.117,8.0,9.0,26.0,4.0,8.0,0.0,1,0.35,2024,3,Albert Park Grand Prix Circuit,7.0
VER,Red Bull,19.0,1.0,1,Retired,DNF,1,1.0,75.915,0.0,0.0,0.0,0.01999999999999602,0.09000000000000341,0.0,0.22800000000000153,327.0,0.0,0.3810000000000002,0.15199999999999747,0.07199999999999918,0.11999999999999744,322.0,0.0,0.109,51.0,1.0,87.0,1.0,1.0,0.0,1,0.35,2024,3,Albert Park Grand Prix Circuit,18.0
VER,Red Bull,1.0,1.0,3,Finished,,0,1.0,88.197,0.0,0.0,0.0,0.0,0.134999999999998,0.12000000000000455,0.0070000000000014495,298.0,0.0,14.053000000000004,3.200999999999997,3.9695000000000036,8.031499999999998,249.5,0.0,0.0,51.0,1.0,97.0,1.0,7.0,0.3333333333333333,0,0.35,2024,4,Suzuka Circuit,0.0
PER,Red Bull,2.0,2.0,3,Finished,,0,2.0,88.263,0.066,0.066,0.0,0.26899999999999125,0.14399999999999835,0.21100000000000563,0.17599999999999838,300.0,0.26899999999999125,14.053000000000004,3.200999999999997,3.9695000000000036,8.031499999999998,249.5,0.0,0.269,46.0,3.0,97.0,1.0,3.0,0.0,0,0.35,2024,4,Suzuka Circuit,0.0
SAI,Ferrari,3.0,4.0,3,Finished,,0,4.0,88.682,0.485,0.0,0.0,0.6080000000000041,0.495000000000001,0.15500000000000114,0.21799999999999997,297.0,0.0,17.854,3.979999999999997,6.259,8.221999999999998,216.0,13.818999999999988,0.417,40.0,4.0,93.0,2.0,2.0,0.0,0,0.35,2024,4,Suzuka Circuit,-1.0
LEC,Ferrari,4.0,8.0,2,Finished,,0,8.0,88.786,0.589,0.104,0.0,0.8199999999999932,0.5500000000000007,0.2259999999999991,0.30600000000000094,300.0,0.21199999999998909,4.035000000000011,2.421999999999997,1.8170000000000002,0.4029999999999987,290.0,0.0,0.81,47.0,2.0,93.0,2.0,3.0,0.0,0,0.35,2024,4,Suzuka Circuit,-4.0
NOR,McLaren,5.0,3.0,3,Finished,,0,3.0,88.489,0.292,0.0,0.0,0.5739999999999981,0.0,0.32200000000000273,0.27199999999999847,296.0,0.0,10.25200000000001,1.7730000000000032,1.2450000000000045,7.8409999999999975,213.0,10.25200000000001,0.332,27.0,6.0,55.0,3.0,5.666666666666667,0.0,0,0.35,2024,4,Suzuka Circuit,2.0
ALO,Aston Martin,6.0,5.0,3,Finished,,0,5.0,88.686,0.489,0.0,0.0,0.5189999999999912,0.33999999999999986,0.27900000000000347,0.16199999999999903,297.0,0.0,14.053000000000004,3.200999999999997,3.9695000000000036,8.031499999999998,249.5,0.0,0.519,16.0,8.0,25.0,5.0,7.333333333333333,0.0,0,0.35,2024,4,Suzuka Circuit,1.0
RUS,Mercedes,7.0,9.0,3,Finished,,0,9.0,89.008,0.811,0.242,0.0,0.355000000000004,0.4480000000000004,0.0,0.16900000000000048,298.0,0.0,14.053000000000004,3.200999999999997,3.9695000000000036,8.031499999999998,249.5,0.0,0.355,18.0,7.0,26.0,4.0,9.333333333333334,0.3333333333333333,0,0.35,2024,4,Suzuka Circuit,-2.0
PIA,McLaren,8.0,6.0,3,Finished,,0,6.0,88.76,0.563,0.271,0.0,0.6629999999999967,0.2079999999999984,0.3990000000000009,0.20199999999999818,295.0,0.08899999999999864,0.0,0.0,0.4340000000000046,0.17299999999999827,297.0,0.0,0.547,28.0,5.0,55.0,3.0,5.333333333333333,0.0,0,0.35,2024,4,Suzuka Circuit,2.0
HAM,Mercedes,9.0,7.0,3,Finished,,0,7.0,88.766,0.569,0.0,0.0,0.47400000000000375,0.08200000000000074,0.3130000000000024,0.16000000000000014,297.0,0.11899999999999977,0.5010000000000048,1.107999999999997,0.0,0.0,295.0,0.0,0.293,8.0,10.0,26.0,4.0,11.333333333333334,0.3333333333333333,0,0.35,2024,4,Suzuka Circuit,2.0
TSU,RB F1 Team,10.0,10.0,3,Lapped,,0,10.0,89.413,1.216,0.0,0.0,0.7779999999999916,0.36299999999999955,0.45600000000000307,0.22100000000000009,300.0,0.0,6.221000000000004,1.222999999999999,3.9350000000000023,1.6699999999999982,284.0,0.0,0.778,6.0,11.0,6.0,6.0,12.0,0.0,0,0.35,2024,4,Suzuka Circuit,0.0
HUL,Haas F1 Team,11.0,12.0,3,Lapped,,0,12.0,89.494,1.297,0.0,0.0,1.5759999999999934,0.9440000000000026,0.7420000000000044,0.15200000000000102,302.0,0.0,20.454000000000008,5.18,3.6260000000000048,12.254999999999999,213.0,0.0,1.576,3.0,13.0,4.0,7.0,11.666666666666666,0.0,0,0.35,2024,4,Suzuka Circuit,-1.0
STR,Aston Martin,12.0,16.0,4,Lapped,,0,16.0,90.024,1.827,1.338,0.0,1.7789999999999964,0.4039999999999999,0.8370000000000033,0.5030000000000001,299.0,1.2600000000000051,14.053000000000004,3.200999999999997,3.9695000000000036,8.031499999999998,249.5,0.0,1.482,9.0,9.0,25.0,5.0,11.666666666666666,0.3333333333333333,0,0.35,2024,4,Suzuka Circuit,-4.0
MAG,Haas F1 Team,13.0,18.0,2,Lapped,,0,18.0,90.131,1.934,0.637,0.0,1.899000000000001,1.158999999999999,0.7040000000000006,0.22800000000000153,301.0,0.3230000000000075,14.053000000000004,3.200999999999997,3.9695000000000036,8.031499999999998,249.5,0.0,1.829,1.0,14.0,4.0,7.0,11.333333333333334,0.0,0,0.35,2024,4,Suzuka Circuit,-5.0
BOT,Kick Sauber,14.0,13.0,3,Lapped,,0,13.0,89.593,1.396,0.0,0.0,0.9830000000000041,0.5650000000000013,0.5080000000000027,0.1720000000000006,296.0,0.0,21.334000000000003,5.109999999999999,8.379000000000005,8.451999999999998,214.0,0.0,0.983,0.0,20.0,0.0,9.0,16.666666666666668,0.0,0,0.35,2024,4,Suzuka Circuit,1.0
OCO,Alpine F1 Team,15.0,15.0,3,Lapped,,0,15.0,89.811,1.614,0.0,0.0,1.4590000000000032,0.6400000000000006,0.6060000000000016,0.4750000000000014,302.0,0.0,24.388000000000005,9.149999999999999,7.402999999999999,8.442,231.0,0.0,1.459,0.0,18.0,0.0,10.0,15.333333333333334,0.0,0,0.35,2024,4,Suzuka Circuit,0.0
GAS,Alpine F1 Team,16.0,17.0,3,Lapped,,0,17.0,90.119,1.922,0.308,0.0,1.578000000000003,0.6170000000000009,0.7010000000000005,0.4519999999999982,300.0,0.11899999999999977,14.053000000000004,3.200999999999997,3.9695000000000036,8.031499999999998,249.5,0.0,1.508,0.0,19.0,0.0,10.0,17.0,0.3333333333333333,0,0.35,2024,4,Suzuka Circuit,-1.0
SAR,Williams,17.0,19.0,4,Lapped,,0,19.0,90.139,1.942,0.425,0.0,1.8889999999999958,1.3049999999999997,0.6640000000000015,0.1819999999999986,309.0,0.9189999999999969,14.053000000000004,3.200999999999997,3.9695000000000036,8.031499999999998,249.5,0.0,1.889,0.0,21.0,0.0,8.0,17.0,0.0,0,0.35,2024,4,Suzuka Circuit,-2.0
ZHO,Kick Sauber,18.0,20.0,3,Retired,DNF,1,20.0,90.143,1.946,0.55,0.0,1.5039999999999907,0.7759999999999962,0.6230000000000047,0.3670000000000009,293.0,0.5209999999999866,28.592,9.692,7.6469999999999985,11.86,186.0,7.257999999999996,1.504,0.0,16.0,0.0,9.0,14.666666666666666,0.0,0,0.35,2024,4,Suzuka Circuit,-2.0
RIC,RB F1 Team,19.0,11.0,1,Retired,DNF,1,11.0,89.472,1.275,0.059,0.0,1.1189999999999998,0.6709999999999994,0.5140000000000029,0.12600000000000122,301.0,0.3410000000000082,7.188000000000002,2.1240000000000023,4.004000000000005,1.666999999999998,273.0,0.9669999999999987,1.049,0.0,17.0,6.0,6.0,13.666666666666666,0.0,0,0.35,2024,4,Suzuka Circuit,8.0
ALB,Williams,20.0,14.0,1,Retired,DNF,1,14.0,89.714,1.517,0.0,0.0,0.9699999999999989,0.9179999999999993,0.31400000000000006,0.0,308.0,0.0,29.096000000000004,6.459000000000003,5.524000000000001,17.720000000000002,268.0,0.0,0.97,0.0,15.0,0.0,8.0,12.333333333333334,0.0,0,0.35,2024,4,Suzuka Circuit,6.0
VER,Red Bull,1.0,1.0,2,Finished,,0,1.0,93.66,0.0,0.0,0.0,,,,,,,,,,,,,0.106,77.0,1.0,141.0,1.0,7.0,0.3333333333333333,0,0.6,2024,5,Shanghai International Circuit,0.0
NOR,McLaren,2.0,4.0,1,Finished,,0,4.0,94.165,0.505,0.0,0.0,,,,,,,,,,,,,2.178,37.0,5.0,69.0,3.0,5.333333333333333,0.0,0,0.6,2024,5,Shanghai International Circuit,-2.0
PER,Red Bull,3.0,2.0,2,Finished,,0,2.0,93.982,0.322,0.322,0.0,,,,,,,,,,,,,0.219,64.0,2.0,141.0,1.0,3.0,0.0,0,0.6,2024,5,Shanghai International Circuit,1.0
LEC,Ferrari,4.0,6.0,1,Finished,,0,6.0,94.289,0.629,0.0,0.0,,,,,,,,,,,,,1.677,59.0,3.0,120.0,2.0,3.0,0.0,0,0.6,2024,5,Shanghai International Circuit,-2.0
SAI,Ferrari,5.0,7.0,1,Finished,,0,7.0,94.297,0.637,0.008,0.0,,,,,,,,,,,,,1.799,55.0,4.0,120.0,2.0,2.0,0.0,0,0.6,2024,5,Shanghai International Circuit,-2.0
RUS,Mercedes,6.0,8.0,2,Finished,,0,8.0,94.433,0.773,0.0,0.0,,,,,,,,,,,,,2.504,24.0,7.0,34.0,4.0,10.0,0.3333333333333333,0,0.6,2024,5,Shanghai International Circuit,-2.0
ALO,Aston Martin,7.0,3.0,3,Finished,,0,3.0,94.148,0.488,0.0,0.0,,,,,,,,,,,,,2.529,24.0,8.0,33.0,5.0,6.333333333333333,0.0,0,0.6,2024,5,Shanghai International Circuit,4.0
PIA,McLaren,8.0,5.0,2,Finished,,0,5.0,94.273,0.613,0.108,0.0,,,,,,,,,,,,,0.327,32.0,6.0,69.0,3.0,5.333333333333333,0.0,0,0.6,2024,5,Shanghai International Circuit,3.0
HAM,Mercedes,9.0,18.0,2,Finished,,0,18.0,95.573,1.913,1.14,0.0,,,,,,,,,,,,,2.465,10.0,9.0,34.0,4.0,12.0,0.3333333333333333,0,0.6,2024,5,Shanghai International Circuit,-9.0
HUL,Haas F1 Team,10.0,9.0,2,Finished,,0,9.0,94.604,0.944,0.0,0.0,,,,,,,,,,,,,0.777,3.0,13.0,4.0,7.0,10.0,0.0,0,0.6,2024,5,Shanghai International Circuit,1.0
OCO,Alpine F1 Team,11.0,13.0,2,Finished,,0,13.0,95.223,1.563,0.0,0.0,,,,,,,,,,,,,0.537,0.0,18.0,0.0,10.0,14.666666666666666,0.0,0,0.6,2024,5,Shanghai International Circuit,-2.0
ALB,Williams,12.0,14.0,2,Finished,,0,14.0,95.241,1.581,0.0,0.0,,,,,,,,,,,,,0.927,0.0,15.0,0.0,8.0,14.0,0.3333333333333333,0,0.6,2024,5,Shanghai International Circuit,-2.0
GAS,Alpine F1 Team,13.0,15.0,3,Finished,,0,15.0,95.287,1.627,0.064,0.0,,,,,,,,,,,,,2.974,0.0,19.0,0.0,10.0,16.333333333333332,0.3333333333333333,0,0.6,2024,5,Shanghai International Circuit,-2.0
ZHO,Kick Sauber,14.0,16.0,3,Finished,,0,16.0,95.505,1.845,0.84,0.0,,,,,,,,,,,,,1.16,0.0,16.0,0.0,9.0,17.0,0.3333333333333333,0,0.6,2024,5,Shanghai International Circuit,-2.0
STR,Aston Martin,15.0,11.0,4,Finished,,0,11.0,94.838,1.178,0.69,0.0,,,,,,,,,,,,,0.0,9.0,10.0,33.0,5.0,12.333333333333334,0.3333333333333333,0,0.6,2024,5,Shanghai International Circuit,4.0
MAG,Haas F1 Team,16.0,17.0,2,Finished,,0,17.0,95.516,1.856,0.912,0.0,,,,,,,,,,,,,0.816,1.0,14.0,4.0,7.0,11.666666666666666,0.0,0,0.6,2024,5,Shanghai International Circuit,-1.0
SAR,Williams,17.0,20.0,3,Finished,,0,20.0,96.358,2.698,1.117,0.0,,,,,,,,,,,,,1.871,0.0,21.0,0.0,8.0,15.5,0.0,0,0.6,2024,5,Shanghai International Circuit,-3.0
RIC,RB F1 Team,18.0,12.0,1,Retired,DNF,1,12.0,94.934,1.274,0.0,0.0,,,,,,,,,,,,,0.852,0.0,17.0,7.0,6.0,15.666666666666666,0.3333333333333333,0,0.6,2024,5,Shanghai International Circuit,6.0
TSU,RB F1 Team,19.0,19.0,2,Retired,DNF,1,19.0,95.746,2.086,0.812,0.0,,,,,,,,,,,,,1.704,7.0,11.0,7.0,6.0,10.666666666666666,0.0,0,0.6,2024,5,Shanghai International Circuit,0.0
BOT,Kick Sauber,20.0,10.0,1,Retired,DNF,1,10.0,94.665,1.005,0.0,0.0,,,,,,,,,,,,,1.027,0.0,20.0,0.0,9.0,15.0,0.0,0,0.6,2024,5,Shanghai International Circuit,10.0
NOR,McLaren,1.0,5.0,1,Finished,,0,5.0,87.594,0.353,0.0,0.0,,,,,,,,,,,,,0.765,58.0,5.0,96.0,3.0,3.3333333333333335,0.0,1,0.45,2024,6,Miami International Autodrome,-4.0
VER,Red Bull,2.0,1.0,1,Finished,,0,1.0,87.241,0.0,0.0,0.0,,,,,,,,,,,,,0.0,110.0,1.0,195.0,1.0,7.0,0.3333333333333333,1,0.45,2024,6,Miami International Autodrome,1.0
LEC,Ferrari,3.0,2.0,1,Finished,,0,2.0,87.382,0.141,0.0,0.0,,,,,,,,,,,,,3.504,76.0,3.0,151.0,2.0,3.3333333333333335,0.0,1,0.45,2024,6,Miami International Autodrome,1.0
PER,Red Bull,4.0,4.0,2,Finished,,0,4.0,87.46,0.219,0.219,0.0,,,,,,,,,,,,,0.273,85.0,2.0,195.0,1.0,3.3333333333333335,0.0,1,0.45,2024,6,Miami International Autodrome,0.0
SAI,Ferrari,5.0,3.0,1,Finished,,0,3.0,87.455,0.214,0.073,0.0,,,,,,,,,,,,,0.116,69.0,4.0,151.0,2.0,3.0,0.0,1,0.45,2024,6,Miami International Autodrome,2.0
HAM,Mercedes,6.0,8.0,1,Finished,,0,8.0,87.697,0.456,0.0,1.0,,,,,,,,,,,,,0.417,19.0,9.0,52.0,4.0,12.0,0.3333333333333333,1,0.45,2024,6,Miami International Autodrome,-2.0
TSU,RB F1 Team,7.0,10.0,1,Finished,,0,10.0,88.167,0.926,0.0,-1.0,,,,,,,,,,,,,0.312,7.0,11.0,7.0,6.0,12.0,0.3333333333333333,1,0.45,2024,6,Miami International Autodrome,-3.0
RUS,Mercedes,8.0,7.0,1,Finished,,0,7.0,88.067,0.826,0.37,-2.0,,,,,,,,,,,,,0.12,33.0,7.0,52.0,4.0,10.0,0.3333333333333333,1,0.45,2024,6,Miami International Autodrome,1.0
ALO,Aston Martin,9.0,15.0,1,Finished,,0,15.0,88.427,1.186,0.25,0.0,,,,,,,,,,,,,1.428,31.0,8.0,40.0,5.0,7.0,0.0,1,0.45,2024,6,Miami International Autodrome,-6.0
OCO,Alpine F1 Team,10.0,13.0,1,Finished,,0,13.0,88.209,0.968,0.233,0.0,,,,,,,,,,,,,0.545,0.0,16.0,0.0,9.0,14.0,0.0,1,0.45,2024,6,Miami International Autodrome,-3.0
HUL,Haas F1 Team,11.0,9.0,2,Finished,,0,9.0,88.146,0.905,0.0,-1.0,,,,,,,,,,,,,0.368,4.0,13.0,5.0,7.0,10.0,0.0,1,0.45,2024,6,Miami International Autodrome,2.0
GAS,Alpine F1 Team,12.0,12.0,1,Finished,,0,12.0,87.976,0.735,0.0,4.0,,,,,,,,,,,,,0.58,0.0,19.0,0.0,9.0,14.0,0.0,1,0.45,2024,6,Miami International Autodrome,0.0
PIA,McLaren,13.0,6.0,2,Finished,,0,6.0,87.675,0.434,0.081,0.0,,,,,,,,,,,,,0.105,38.0,6.0,96.0,3.0,6.666666666666667,0.0,1,0.45,2024,6,Miami International Autodrome,7.0
ZHO,Kick Sauber,14.0,19.0,1,Finished,,0,19.0,88.824,1.583,0.361,-1.0,,,,,,,,,,,,,0.85,0.0,17.0,0.0,10.0,15.666666666666666,0.3333333333333333,1,0.45,2024,6,Miami International Autodrome,-5.0
RIC,RB F1 Team,15.0,20.0,1,Finished,,0,20.0,88.617,1.376,0.45,2.0,,,,,,,,,,,,,0.583,0.0,18.0,7.0,6.0,16.333333333333332,0.6666666666666666,1,0.45,2024,6,Miami International Autodrome,-5.0
BOT,Kick Sauber,16.0,16.0,2,Finished,,0,16.0,88.463,1.222,0.0,0.0,,,,,,,,,,,,,0.807,0.0,20.0,0.0,10.0,16.0,0.3333333333333333,1,0.45,2024,6,Miami International Autodrome,0.0
STR,Aston Martin,17.0,11.0,2,Finished,,0,11.0,88.177,0.936,0.0,-1.0,,,,,,,,,,,,,0.222,9.0,10.0,40.0,5.0,11.0,0.0,1,0.45,2024,6,Miami International Autodrome,6.0
ALB,Williams,18.0,14.0,2,Finished,,0,14.0,88.343,1.102,0.0,0.0,,,,,,,,,,,,,0.624,0.0,15.0,0.0,8.0,14.333333333333334,0.3333333333333333,1,0.45,2024,6,Miami International Autodrome,4.0
MAG,Haas F1 Team,19.0,18.0,3,Finished,,0,18.0,88.619,1.378,0.473,-1.0,,,,,,,,,,,,,0.565,1.0,14.0,5.0,7.0,13.0,0.0,1,0.45,2024,6,Miami International Autodrome,1.0
SAR,Williams,20.0,17.0,1,Retired,DNF,1,17.0,88.487,1.246,0.144,0.0,,,,,,,,,,,,,1.254,0.0,21.0,0.0,8.0,17.0,0.0,1,0.45,2024,6,Miami International Autodrome,3.0
VER,Red Bull,1.0,1.0,1,Finished,,0,1.0,74.746,0.0,0.0,0.0,0.8370000000000033,0.13299999999999912,0.15399999999999991,0.21399999999999864,298.0,0.0,0.5409999999999968,0.01600000000000179,0.35600000000000165,0.24599999999999866,296.0,0.0,0.456,136.0,1.0,239.0,1.0,1.3333333333333333,0.0,0,0.25,2024,7,Autodromo Enzo e Dino Ferrari,0.0
NOR,McLaren,2.0,2.0,1,Finished,,0,2.0,74.837,0.091,0.017,-1.0,0.29999999999999716,0.259999999999998,0.08500000000000085,0.0,295.0,0.29999999999999716,1.073999999999998,0.2960000000000029,0.3360000000000021,0.259999999999998,302.0,0.882000000000005,0.3,83.0,4.0,124.0,3.0,2.6666666666666665,0.0,0,0.25,2024,7,Autodromo Enzo e Dino Ferrari,0.0
LEC,Ferrari,3.0,3.0,1,Finished,,0,3.0,74.97,0.224,0.0,-1.0,0.5580000000000069,0.28800000000000026,0.12300000000000111,0.13299999999999912,297.0,0.020000000000010232,0.0,0.0,0.0010000000000012221,0.07099999999999795,300.0,0.0,0.339,98.0,3.0,187.0,2.0,3.6666666666666665,0.0,0,0.25,2024,7,Autodromo Enzo e Dino Ferrari,0.0
PIA,McLaren,4.0,5.0,1,Finished,,0,5.0,74.82,0.074,0.0,3.0,0.0,0.0,0.0,0.04499999999999815,298.0,0.0,0.19199999999999307,0.06700000000000017,0.006000000000000227,0.2099999999999973,304.0,0.0,0.0,41.0,6.0,124.0,3.0,9.666666666666666,0.0,0,0.25,2024,7,Autodromo Enzo e Dino Ferrari,-1.0
SAI,Ferrari,5.0,4.0,1,Finished,,0,4.0,75.233,0.487,0.263,-1.0,0.5379999999999967,0.2240000000000002,0.1479999999999997,0.08099999999999952,295.0,0.0,0.5169999999999959,0.1130000000000031,0.1930000000000014,0.22799999999999798,300.0,0.5169999999999959,0.408,83.0,5.0,187.0,2.0,4.333333333333333,0.0,0,0.25,2024,7,Autodromo Enzo e Dino Ferrari,1.0
HAM,Mercedes,6.0,8.0,1,Finished,,0,8.0,75.504,0.758,0.27,0.0,1.4309999999999974,0.46000000000000085,0.17099999999999937,0.4349999999999987,292.0,0.8649999999999949,0.39099999999999113,0.1930000000000014,0.1130000000000031,0.0,300.0,0.0,0.584,27.0,9.0,64.0,4.0,8.0,0.0,0,0.25,2024,7,Autodromo Enzo e Dino Ferrari,-2.0
RUS,Mercedes,7.0,6.0,2,Finished,,0,6.0,75.234,0.488,0.0,0.0,0.5660000000000025,0.21399999999999864,0.2579999999999991,0.13899999999999935,294.0,0.0,0.40500000000000114,0.16400000000000148,0.0,0.29499999999999815,299.0,0.014000000000010004,0.374,37.0,7.0,64.0,4.0,7.0,0.0,0,0.25,2024,7,Autodromo Enzo e Dino Ferrari,1.0
PER,Red Bull,8.0,11.0,1,Finished,,0,11.0,75.706,0.96,0.96,0.0,1.1020000000000039,0.5619999999999976,0.28300000000000125,0.3019999999999996,295.0,0.26500000000000057,0.6460000000000008,0.3360000000000021,0.05800000000000338,0.34299999999999997,298.0,0.10500000000000398,0.901,103.0,2.0,239.0,1.0,3.0,0.0,0,0.25,2024,7,Autodromo Enzo e Dino Ferrari,-3.0
STR,Aston Martin,9.0,13.0,1,Finished,,0,13.0,75.992,1.246,0.0,0.0,1.01400000000001,0.3789999999999978,0.33699999999999974,0.34299999999999997,292.0,0.0,1.0849999999999937,0.360000000000003,0.3030000000000008,0.4139999999999979,298.0,0.1530000000000058,1.014,9.0,11.0,42.0,5.0,14.666666666666666,0.0,0,0.25,2024,7,Autodromo Enzo e Dino Ferrari,-4.0
TSU,RB F1 Team,10.0,7.0,1,Lapped,,0,7.0,75.358,0.612,0.0,0.0,1.13900000000001,0.4480000000000004,0.32700000000000173,0.4089999999999989,293.0,0.10800000000000409,0.37999999999999545,0.26000000000000156,0.12700000000000244,0.08399999999999963,300.0,0.0,0.757,14.0,10.0,19.0,6.0,12.0,0.3333333333333333,0,0.25,2024,7,Autodromo Enzo e Dino Ferrari,3.0
HUL,Haas F1 Team,11.0,10.0,1,Lapped,,0,10.0,75.569,0.823,0.0,1.0,1.0180000000000007,0.48499999999999943,0.28200000000000003,0.2959999999999994,298.0,0.0,0.9199999999999875,0.46499999999999986,0.2980000000000018,0.23699999999999832,306.0,0.0,1.018,6.0,13.0,7.0,7.0,10.666666666666666,0.0,0,0.25,2024,7,Autodromo Enzo e Dino Ferrari,1.0
MAG,Haas F1 Team,12.0,18.0,1,Lapped,,0,18.0,76.854,2.108,1.285,0.0,1.3940000000000055,0.5549999999999997,0.3420000000000023,0.33399999999999963,297.0,0.3760000000000048,1.222999999999999,0.6710000000000029,0.4880000000000031,0.15499999999999758,304.0,0.3030000000000115,1.088,1.0,16.0,7.0,7.0,16.0,0.0,0,0.25,2024,7,Autodromo Enzo e Dino Ferrari,-6.0
RIC,RB F1 Team,13.0,9.0,1,Lapped,,0,9.0,75.674,0.928,0.316,-1.0,1.031000000000006,0.4549999999999983,0.28999999999999915,0.3309999999999995,295.0,0.0,1.0609999999999928,0.5040000000000013,0.35600000000000165,0.15700000000000003,299.0,0.6809999999999974,0.938,5.0,14.0,19.0,6.0,17.333333333333332,0.6666666666666666,0,0.25,2024,7,Autodromo Enzo e Dino Ferrari,4.0
OCO,Alpine F1 Team,14.0,12.0,1,Lapped,,0,12.0,75.906,1.16,0.0,0.0,0.9519999999999982,0.49099999999999966,0.3030000000000008,0.2029999999999994,292.0,0.0,1.1019999999999897,0.5030000000000001,0.3200000000000003,0.2989999999999995,296.0,0.0,0.952,1.0,15.0,1.0,8.0,12.0,0.0,0,0.25,2024,7,Autodromo Enzo e Dino Ferrari,2.0
ZHO,Kick Sauber,15.0,17.0,1,Lapped,,0,17.0,76.834,2.088,0.208,0.0,2.362000000000009,0.815999999999999,0.7789999999999999,0.5990000000000002,292.0,1.1960000000000122,1.6999999999999886,0.5030000000000001,0.7000000000000028,0.41199999999999903,301.0,0.5180000000000007,1.901,0.0,18.0,0.0,10.0,15.333333333333334,0.3333333333333333,0,0.25,2024,7,Autodromo Enzo e Dino Ferrari,-2.0
GAS,Alpine F1 Team,16.0,15.0,2,Lapped,,0,15.0,76.015,1.269,0.109,1.0,1.8320000000000078,0.7390000000000008,0.6280000000000001,0.4889999999999972,292.0,0.8800000000000097,1.157999999999987,0.5580000000000034,0.272000000000002,0.4139999999999979,295.0,0.055999999999997385,1.521,0.0,19.0,1.0,8.0,13.666666666666666,0.0,0,0.25,2024,7,Autodromo Enzo e Dino Ferrari,1.0
SAR,Williams,17.0,19.0,1,Lapped,,0,19.0,75.674,0.928,0.0,0.0,1.2650000000000006,0.4250000000000007,0.5130000000000017,0.27099999999999724,300.0,0.32399999999999807,1.941999999999993,0.6230000000000011,0.6810000000000009,0.7289999999999992,304.0,0.7129999999999939,1.164,0.0,21.0,0.0,9.0,18.0,0.3333333333333333,0,0.25,2024,7,Autodromo Enzo e Dino Ferrari,-2.0
BOT,Kick Sauber,18.0,16.0,1,Lapped,,0,16.0,76.626,1.88,0.0,0.0,1.1659999999999968,0.5990000000000002,0.36100000000000065,0.25099999999999767,293.0,0.0,1.181999999999988,0.49900000000000233,0.3550000000000004,0.26500000000000057,299.0,0.0,1.166,0.0,20.0,0.0,10.0,16.666666666666668,0.3333333333333333,0,0.25,2024,7,Autodromo Enzo e Dino Ferrari,2.0
ALO,Aston Martin,19.0,20.0,4,Lapped,,0,20.0,76.917,2.171,0.925,1.0,1.8100000000000023,0.4579999999999984,0.5640000000000001,0.5429999999999993,290.0,0.7959999999999923,0.931999999999988,0.24900000000000233,0.2640000000000029,0.41699999999999804,298.0,0.0,1.216,33.0,8.0,42.0,5.0,7.333333333333333,0.0,0,0.25,2024,7,Autodromo Enzo e Dino Ferrari,-1.0
ALB,Williams,20.0,14.0,4,Retired,DNF,1,14.0,76.2,1.454,0.0,-1.0,0.9410000000000025,0.3030000000000008,0.3000000000000007,0.3829999999999991,299.0,0.0,1.2289999999999992,0.4230000000000018,0.38700000000000045,0.375,301.0,0.0,0.941,0.0,17.0,0.0,9.0,16.666666666666668,0.3333333333333333,0,0.25,2024,7,Autodromo Enzo e Dino Ferrari,6.0
LEC,Ferrari,1.0,1.0,1,Finished,,0,1.0,70.27,0.0,0.0,0.0,0.0,0.1440000000000019,0.0,0.012999999999998124,281.0,0.0,0.0,0.0,0.0,0.0,283.0,0.0,0.0,113.0,2.0,212.0,2.0,3.3333333333333335,0.0,1,0.05,2024,8,Circuit de Monaco,0.0
PIA,McLaren,2.0,2.0,1,Finished,,0,2.0,70.424,0.154,0.0,0.0,0.5319999999999965,0.3569999999999993,0.22299999999999898,0.10899999999999821,281.0,0.0,1.0879999999999939,0.36999999999999744,0.44299999999999784,0.2940000000000005,281.0,0.4129999999999967,0.843,53.0,6.0,154.0,3.0,8.333333333333334,0.0,1,0.05,2024,8,Circuit de Monaco,0.0
SAI,Ferrari,3.0,3.0,1,Finished,,0,3.0,70.518,0.248,0.248,0.0,0.6099999999999994,0.3490000000000002,0.2640000000000029,0.0,284.0,0.6099999999999994,0.6839999999999975,0.29399999999999693,0.18299999999999983,0.21199999999999974,281.0,0.6839999999999975,0.729,93.0,5.0,212.0,2.0,5.0,0.0,1,0.05,2024,8,Circuit de Monaco,0.0
NOR,McLaren,4.0,4.0,1,Finished,,0,4.0,70.542,0.272,0.118,0.0,0.6189999999999998,0.2970000000000006,0.22399999999999665,0.053999999999998494,281.0,0.0870000000000033,0.6749999999999972,0.3099999999999987,0.1909999999999954,0.3550000000000004,281.0,0.0,0.754,101.0,4.0,154.0,3.0,1.6666666666666667,0.0,1,0.05,2024,8,Circuit de Monaco,0.0
RUS,Mercedes,5.0,5.0,1,Finished,,0,5.0,70.543,0.273,0.0,0.0,0.5990000000000038,0.1479999999999997,0.267000000000003,0.1509999999999998,282.0,0.2580000000000098,0.9819999999999993,0.2359999999999971,0.4720000000000013,0.41799999999999926,281.0,0.7940000000000111,0.745,44.0,7.0,79.0,4.0,7.0,0.0,1,0.05,2024,8,Circuit de Monaco,0.0
VER,Red Bull,6.0,6.0,2,Finished,,0,6.0,70.567,0.297,0.0,0.0,0.19700000000000273,0.0,0.2779999999999987,0.05000000000000071,284.0,0.0,0.5349999999999966,0.21899999999999764,0.3399999999999963,0.17900000000000205,279.0,0.0,0.426,161.0,1.0,268.0,1.0,1.3333333333333333,0.0,1,0.05,2024,8,Circuit de Monaco,0.0
HAM,Mercedes,7.0,7.0,2,Finished,,0,7.0,70.621,0.351,0.078,0.0,0.340999999999994,0.21100000000000207,0.20900000000000318,0.04100000000000037,281.0,0.0,0.18799999999998818,0.1280000000000001,0.16799999999999926,0.09499999999999886,279.0,0.0,0.432,35.0,8.0,79.0,4.0,7.0,0.0,1,0.05,2024,8,Circuit de Monaco,0.0
TSU,RB F1 Team,8.0,8.0,1,Lapped,,0,8.0,70.858,0.588,0.0,0.0,0.6219999999999999,0.3710000000000022,0.25,0.15800000000000125,276.0,0.0,1.070999999999998,0.4889999999999972,0.3539999999999992,0.40800000000000125,277.0,0.0,0.958,15.0,10.0,20.0,6.0,12.0,0.3333333333333333,1,0.05,2024,8,Circuit de Monaco,0.0
ALB,Williams,9.0,9.0,1,Lapped,,0,9.0,70.948,0.678,0.0,-1.0,0.811000000000007,0.25,0.5289999999999964,0.18900000000000006,279.0,0.0,0.9789999999999992,0.3289999999999971,0.509999999999998,0.19000000000000128,279.0,0.0,0.938,0.0,17.0,0.0,9.0,16.666666666666668,0.3333333333333333,1,0.05,2024,8,Circuit de Monaco,0.0
GAS,Alpine F1 Team,10.0,10.0,1,Lapped,,0,10.0,70.896,0.626,0.0,1.0,0.7750000000000057,0.33800000000000097,0.13000000000000256,0.41000000000000014,280.0,0.0,1.4719999999999942,0.39599999999999724,0.5899999999999963,0.4490000000000016,278.0,0.19599999999999795,0.886,0.0,19.0,1.0,8.0,13.666666666666666,0.0,1,0.05,2024,8,Circuit de Monaco,0.0
ALO,Aston Martin,11.0,14.0,1,Lapped,,0,14.0,72.019,1.749,0.456,-2.0,0.7180000000000035,0.3180000000000014,0.32099999999999795,0.23600000000000065,282.0,0.0,0.4749999999999943,0.21699999999999875,0.1529999999999987,0.2530000000000001,280.0,0.0,0.665,33.0,9.0,44.0,5.0,11.666666666666666,0.0,1,0.05,2024,8,Circuit de Monaco,-3.0
RIC,RB F1 Team,12.0,12.0,1,Lapped,,0,12.0,71.482,1.212,0.624,-1.0,1.4599999999999937,0.6870000000000012,0.5690000000000026,0.2699999999999996,276.0,0.8379999999999939,1.2989999999999924,0.5459999999999994,0.4899999999999949,0.32700000000000173,278.0,0.22799999999999443,1.405,5.0,14.0,20.0,6.0,15.333333333333334,0.3333333333333333,1,0.05,2024,8,Circuit de Monaco,0.0
BOT,Kick Sauber,13.0,17.0,2,Lapped,,0,17.0,72.512,2.242,0.0,-2.0,0.7180000000000035,0.3490000000000002,0.267000000000003,0.15800000000000125,281.0,0.0,1.7789999999999964,0.6979999999999968,0.8039999999999949,0.43100000000000094,277.0,0.0,1.852,0.0,20.0,0.0,10.0,18.0,0.3333333333333333,1,0.05,2024,8,Circuit de Monaco,-4.0
STR,Aston Martin,14.0,13.0,3,Lapped,,0,13.0,71.563,1.293,0.0,-1.0,0.9620000000000033,0.3440000000000012,0.37299999999999756,0.3520000000000003,281.0,0.24399999999999977,0.7839999999999918,0.28200000000000003,0.23199999999999932,0.3670000000000009,281.0,0.3089999999999975,0.923,11.0,11.0,44.0,5.0,13.666666666666666,0.0,1,0.05,2024,8,Circuit de Monaco,1.0
SAR,Williams,15.0,15.0,2,Lapped,,0,15.0,72.02,1.75,1.072,-2.0,1.3340000000000032,0.5190000000000019,0.5529999999999973,0.24399999999999977,281.0,0.5229999999999961,1.5120000000000005,0.5,0.6799999999999997,0.46699999999999875,281.0,0.5330000000000013,1.495,0.0,21.0,0.0,9.0,18.0,0.3333333333333333,1,0.05,2024,8,Circuit de Monaco,0.0
ZHO,Kick Sauber,16.0,18.0,2,Lapped,,0,18.0,73.028,2.758,0.516,-2.0,2.4609999999999985,0.9610000000000021,1.0189999999999984,0.5829999999999984,279.0,0.0,2.4949999999999903,0.9209999999999994,1.0850000000000009,0.6920000000000002,278.0,0.715999999999994,2.632,0.0,18.0,0.0,10.0,14.333333333333334,0.0,1,0.05,2024,8,Circuit de Monaco,-2.0
OCO,Alpine F1 Team,17.0,11.0,1,Retired,DNF,1,11.0,71.285,1.015,0.389,0.0,1.1029999999999944,0.45899999999999963,0.4269999999999996,0.23999999999999844,278.0,0.32799999999998875,1.2759999999999962,0.4629999999999974,0.5649999999999977,0.3910000000000018,278.0,0.0,1.246,1.0,15.0,1.0,8.0,11.666666666666666,0.0,1,0.05,2024,8,Circuit de Monaco,6.0
PER,Red Bull,18.0,16.0,1,Retired,DNF,1,16.0,72.06,1.79,1.493,-2.0,0.554000000000002,0.4239999999999995,0.2120000000000033,0.07499999999999929,283.0,0.3569999999999993,0.820999999999998,0.42299999999999827,0.25799999999999557,0.3069999999999986,279.0,0.28600000000000136,0.89,107.0,3.0,268.0,1.0,5.0,0.0,1,0.05,2024,8,Circuit de Monaco,2.0
HUL,Haas F1 Team,19.0,19.0,1,Retired,DNF,1,19.0,71.44,1.17,0.0,7.0,0.8229999999999933,0.41600000000000037,0.2819999999999965,0.11599999999999966,283.0,0.0,1.2909999999999968,0.5119999999999969,0.580999999999996,0.32700000000000173,282.0,0.09600000000000364,0.993,6.0,13.0,7.0,7.0,10.666666666666666,0.0,1,0.05,2024,8,Circuit de Monaco,0.0
MAG,Haas F1 Team,20.0,20.0,1,Retired,DNF,1,20.0,71.725,1.455,0.285,5.0,0.8469999999999942,0.42600000000000193,0.2610000000000028,0.18499999999999872,283.0,0.02400000000000091,1.1949999999999932,0.45099999999999696,0.42899999999999494,0.5180000000000007,282.0,0.0,1.051,1.0,16.0,7.0,7.0,15.666666666666666,0.0,1,0.05,2024,8,Circuit de Monaco,0.0
VER,Red Bull,1.0,2.0,2,Finished,,0,2.0,72.0,0.258,0.0,-1.0,0.3739999999999952,0.17300000000000182,0.21000000000000085,0.0,325.0,0.0,3.5010000000000048,1.5,1.328999999999997,0.9540000000000006,299.0,2.2700000000000102,0.374,169.0,1.0,276.0,1.0,3.0,0.0,0,0.6,2024,9,Circuit Gilles Villeneuve,-1.0
NOR,McLaren,2.0,3.0,2,Finished,,0,3.0,72.021,0.279,0.0,-1.0,0.7439999999999998,0.22100000000000009,0.15500000000000114,0.3440000000000012,323.0,0.027000000000001023,5.033000000000001,1.5820000000000007,1.597999999999999,2.1350000000000016,322.0,1.835000000000008,0.711,113.0,3.0,184.0,3.0,2.3333333333333335,0.0,0,0.6,2024,9,Circuit Gilles Villeneuve,-1.0
RUS,Mercedes,3.0,1.0,3,Finished,,0,1.0,71.742,0.0,0.0,0.0,0.40799999999998704,0.2170000000000023,0.03200000000000003,0.16100000000000136,328.0,0.40799999999998704,0.46299999999999386,0.036000000000001364,0.3549999999999969,0.1460000000000008,327.0,0.0,0.401,54.0,7.0,96.0,4.0,6.666666666666667,0.0,0,0.6,2024,9,Circuit Gilles Villeneuve,2.0
HAM,Mercedes,4.0,7.0,3,Finished,,0,7.0,71.979,0.237,0.237,5.0,0.0,0.0,0.0,0.009000000000000341,328.0,0.0,1.097999999999999,0.0,0.0,0.8810000000000002,330.0,0.6350000000000051,0.0,42.0,8.0,96.0,4.0,6.333333333333333,0.0,0,0.6,2024,9,Circuit Gilles Villeneuve,-3.0
PIA,McLaren,5.0,4.0,2,Finished,,0,4.0,72.103,0.361,0.082,-1.0,0.7169999999999987,0.27500000000000213,0.28999999999999915,0.12900000000000134,337.0,0.0,3.1979999999999933,0.8279999999999994,0.7809999999999988,1.0259999999999998,323.0,0.0,0.685,71.0,6.0,184.0,3.0,6.333333333333333,0.0,0,0.6,2024,9,Circuit Gilles Villeneuve,1.0
ALO,Aston Martin,6.0,6.0,2,Finished,,0,6.0,72.228,0.486,0.0,-1.0,0.7909999999999968,0.3569999999999993,0.2759999999999998,0.1670000000000016,328.0,0.31400000000000716,0.0,0.007999999999999119,0.24299999999999855,0.0,327.0,0.0,0.791,33.0,9.0,44.0,5.0,13.0,0.0,0,0.6,2024,9,Circuit Gilles Villeneuve,0.0
STR,Aston Martin,7.0,9.0,2,Finished,,0,9.0,72.659,0.917,0.431,-1.0,0.47699999999998965,0.28699999999999903,0.09199999999999875,0.07199999999999918,331.0,0.0,0.6539999999999964,0.009000000000000341,0.44899999999999807,0.3810000000000002,328.0,0.6539999999999964,0.442,11.0,11.0,44.0,5.0,13.333333333333334,0.0,0,0.6,2024,9,Circuit Gilles Villeneuve,-2.0
RIC,RB F1 Team,8.0,5.0,2,Finished,,0,5.0,72.178,0.436,0.0,-1.0,0.7299999999999898,0.31099999999999994,0.240000000000002,0.1509999999999998,330.0,0.0,0.9209999999999923,0.004000000000001336,0.4319999999999986,0.7669999999999995,333.0,0.0,0.693,5.0,14.0,24.0,6.0,13.333333333333334,0.0,0,0.6,2024,9,Circuit Gilles Villeneuve,3.0
GAS,Alpine F1 Team,9.0,15.0,2,Finished,,0,15.0,72.94,1.198,0.0,0.0,1.1879999999999882,0.3760000000000012,0.46199999999999974,0.3099999999999987,322.0,0.0,4.978999999999999,1.4549999999999983,1.8959999999999972,1.5150000000000006,321.0,3.372,1.139,1.0,18.0,2.0,9.0,12.666666666666666,0.0,0,0.6,2024,9,Circuit Gilles Villeneuve,-6.0
OCO,Alpine F1 Team,10.0,18.0,1,Finished,,0,18.0,73.435,1.693,0.495,0.0,1.5259999999999962,0.5630000000000024,0.5440000000000005,0.4280000000000008,325.0,0.33800000000000807,1.6069999999999993,0.5,0.6020000000000003,0.7349999999999994,321.0,0.0,1.526,1.0,16.0,2.0,9.0,13.666666666666666,0.3333333333333333,0,0.6,2024,9,Circuit Gilles Villeneuve,-8.0
HUL,Haas F1 Team,11.0,17.0,3,Finished,,0,17.0,73.978,2.236,1.062,-2.0,1.2279999999999944,0.4740000000000002,0.4280000000000008,0.33500000000000085,329.0,0.33800000000000807,2.0930000000000035,0.010000000000001563,1.3269999999999982,1.0380000000000003,308.0,1.1300000000000097,1.228,6.0,13.0,7.0,7.0,13.666666666666666,0.3333333333333333,0,0.6,2024,9,Circuit Gilles Villeneuve,-6.0
MAG,Haas F1 Team,12.0,14.0,4,Finished,,0,14.0,72.916,1.174,0.0,0.0,0.8899999999999864,0.3569999999999993,0.39199999999999946,0.0779999999999994,328.0,0.0,0.9629999999999939,0.35300000000000153,0.7199999999999989,0.1720000000000006,329.0,0.0,0.818,1.0,17.0,7.0,7.0,17.0,0.3333333333333333,0,0.6,2024,9,Circuit Gilles Villeneuve,-2.0
BOT,Kick Sauber,13.0,19.0,2,Finished,,0,19.0,73.366,1.624,0.0,2.0,1.0929999999999893,0.41100000000000136,0.44399999999999906,0.16999999999999815,329.0,0.0,2.006999999999991,0.3359999999999985,0.9009999999999998,0.7699999999999996,312.0,0.0,1.016,0.0,20.0,0.0,10.0,15.666666666666666,0.0,0,0.6,2024,9,Circuit Gilles Villeneuve,-6.0
TSU,RB F1 Team,14.0,8.0,1,Finished,,0,8.0,72.303,0.561,0.125,0.0,1.1669999999999874,0.48600000000000065,0.23100000000000165,0.45899999999999963,328.0,0.4369999999999976,1.1409999999999911,0.49599999999999866,0.482999999999997,0.44399999999999906,328.0,0.21999999999999886,1.167,19.0,10.0,24.0,6.0,8.333333333333334,0.0,0,0.6,2024,9,Circuit Gilles Villeneuve,6.0
ZHO,Kick Sauber,15.0,20.0,4,Lapped,,0,20.0,74.292,2.55,0.926,0.0,6.106999999999999,1.9160000000000004,1.940999999999999,2.2590000000000003,302.0,5.01400000000001,3.277000000000001,1.0420000000000016,1.1469999999999985,1.370000000000001,327.0,1.2700000000000102,6.076,0.0,19.0,0.0,10.0,15.0,0.0,0,0.6,2024,9,Circuit Gilles Villeneuve,-5.0
SAI,Ferrari,16.0,12.0,2,Retired,DNF,1,12.0,72.728,0.986,0.037,0.0,1.0209999999999866,0.40300000000000225,0.26399999999999935,0.36299999999999955,323.0,0.22099999999998943,1.911999999999992,0.13200000000000145,0.8939999999999984,1.1679999999999993,319.0,1.1659999999999968,1.021,108.0,4.0,252.0,2.0,4.333333333333333,0.0,0,0.6,2024,9,Circuit Gilles Villeneuve,4.0
ALB,Williams,17.0,10.0,2,Retired,DNF,1,10.0,72.485,0.743,0.0,1.0,1.3309999999999889,0.4220000000000006,0.2920000000000016,0.33699999999999974,328.0,0.21699999999999875,1.1670000000000016,0.10800000000000054,0.3609999999999971,0.6149999999999984,325.0,0.0,1.042,2.0,15.0,2.0,8.0,15.666666666666666,0.3333333333333333,0,0.6,2024,9,Circuit Gilles Villeneuve,7.0
PER,Red Bull,18.0,16.0,2,Retired,DNF,1,16.0,73.326,1.584,1.326,0.0,0.7929999999999922,0.3490000000000002,0.2980000000000018,0.12099999999999866,327.0,0.41899999999999693,1.2309999999999945,0.3730000000000011,0.6600000000000001,0.4800000000000004,326.0,0.0,0.759,107.0,5.0,276.0,1.0,10.0,0.3333333333333333,0,0.6,2024,9,Circuit Gilles Villeneuve,2.0
LEC,Ferrari,19.0,11.0,3,Retired,DNF,1,11.0,72.691,0.949,0.0,0.0,0.7999999999999972,0.34299999999999997,0.30100000000000193,0.16499999999999915,324.0,0.0,0.7459999999999951,0.29799999999999827,0.27199999999999847,0.4579999999999984,324.0,0.0,0.8,138.0,2.0,252.0,2.0,2.3333333333333335,0.0,0,0.6,2024,9,Circuit Gilles Villeneuve,8.0
SAR,Williams,20.0,13.0,1,Retired,DNF,1,13.0,72.736,0.994,0.251,0.0,1.11399999999999,0.4750000000000014,0.21499999999999986,0.26200000000000045,333.0,0.0,1.6859999999999928,0.6819999999999986,0.6869999999999976,0.5990000000000002,324.0,0.5189999999999912,0.943,0.0,21.0,2.0,8.0,17.333333333333332,0.3333333333333333,0,0.6,2024,9,Circuit Gilles Villeneuve,7.0
VER,Red Bull,1.0,2.0,2,Finished,,0,2.0,71.403,0.02,0.0,0.0,0.07399999999999807,0.10799999999999699,0.05299999999999727,0.06099999999999994,322.0,0.0,0.2400000000000091,0.0,0.44200000000000017,0.05799999999999983,326.0,0.0,0.16,194.0,1.0,301.0,1.0,2.6666666666666665,0.0,0,0.35,2024,10,Circuit de Barcelona-Catalunya,-1.0
NOR,McLaren,2.0,1.0,2,Finished,,0,1.0,71.383,0.0,0.0,0.0,0.030000000000001137,0.09399999999999764,0.06099999999999994,0.022999999999999687,320.0,0.0,0.05500000000000682,0.19399999999999906,0.0,0.12100000000000222,321.0,0.0,0.0,131.0,3.0,212.0,3.0,2.6666666666666665,0.0,0,0.35,2024,10,Circuit de Barcelona-Catalunya,1.0
HAM,Mercedes,3.0,3.0,2,Finished,,0,3.0,71.701,0.318,0.0,0.0,0.3459999999999894,0.14999999999999858,0.011999999999996902,0.33200000000000074,323.0,0.19499999999999318,0.0,0.16900000000000048,0.053000000000000824,0.015000000000000568,322.0,0.0,0.261,55.0,8.0,124.0,4.0,5.666666666666667,0.0,0,0.35,2024,10,Circuit de Barcelona-Catalunya,0.0
RUS,Mercedes,4.0,4.0,2,Finished,,0,4.0,71.703,0.32,0.002,0.0,0.15099999999999625,0.10199999999999676,0.04499999999999815,0.08999999999999986,326.0,0.0,0.4579999999999984,0.04400000000000048,0.19399999999999906,0.17099999999999937,328.0,0.4579999999999984,0.212,69.0,7.0,124.0,4.0,5.0,0.0,0,0.35,2024,10,Circuit de Barcelona-Catalunya,0.0
LEC,Ferrari,5.0,5.0,2,Finished,,0,5.0,71.731,0.348,0.0,0.0,0.03699999999999193,0.0,0.0,0.18500000000000227,327.0,0.03699999999999193,0.3329999999999984,0.03300000000000125,0.2699999999999996,0.2900000000000027,324.0,0.31099999999999284,0.16,138.0,2.0,252.0,2.0,7.666666666666667,0.3333333333333333,0,0.35,2024,10,Circuit de Barcelona-Catalunya,0.0
SAI,Ferrari,6.0,6.0,2,Finished,,0,6.0,71.736,0.353,0.005,0.0,0.0,0.038999999999997925,0.04099999999999682,0.0,327.0,0.0,0.02200000000000557,0.006000000000000227,0.1280000000000001,0.1479999999999997,327.0,0.0,0.05,108.0,4.0,252.0,2.0,8.0,0.3333333333333333,0,0.35,2024,10,Circuit de Barcelona-Catalunya,0.0
PIA,McLaren,7.0,9.0,2,Finished,,0,9.0,72.011,0.628,0.628,1.0,0.8939999999999912,0.2699999999999996,0.13999999999999702,0.6010000000000026,317.0,0.8639999999999901,0.3580000000000041,0.06599999999999895,0.2220000000000013,0.33000000000000185,325.0,0.30299999999999727,0.732,81.0,6.0,212.0,3.0,3.6666666666666665,0.0,0,0.35,2024,10,Circuit de Barcelona-Catalunya,-2.0
PER,Red Bull,8.0,11.0,3,Finished,,0,11.0,72.054,0.671,0.651,2.0,0.7099999999999937,0.3559999999999981,0.21799999999999997,0.2840000000000025,325.0,0.6359999999999957,0.8170000000000073,0.30100000000000193,0.6050000000000004,0.17099999999999937,321.0,0.5769999999999982,0.833,107.0,5.0,301.0,1.0,14.666666666666666,0.6666666666666666,0,0.35,2024,10,Circuit de Barcelona-Catalunya,-3.0
GAS,Alpine F1 Team,9.0,7.0,2,Finished,,0,7.0,71.857,0.474,0.0,0.0,0.9509999999999934,0.18099999999999739,0.30799999999999983,0.41600000000000037,323.0,0.013999999999995794,0.17900000000000205,0.2660000000000018,0.17300000000000182,0.0,326.0,0.0,0.397,3.0,15.0,5.0,8.0,11.666666666666666,0.0,0,0.35,2024,10,Circuit de Barcelona-Catalunya,2.0
OCO,Alpine F1 Team,10.0,8.0,2,Finished,,0,8.0,72.109,0.726,0.252,-2.0,0.9369999999999976,0.1109999999999971,0.472999999999999,0.5010000000000012,324.0,0.0,0.5020000000000095,0.3210000000000015,0.38899999999999935,0.0519999999999996,326.0,0.3230000000000075,0.595,2.0,17.0,5.0,8.0,13.666666666666666,0.3333333333333333,0,0.35,2024,10,Circuit de Barcelona-Catalunya,2.0
HUL,Haas F1 Team,11.0,13.0,2,Finished,,0,13.0,72.31,0.927,0.0,0.0,0.9619999999999891,0.34699999999999775,0.33699999999999974,0.42600000000000193,325.0,0.0,0.7890000000000015,0.13599999999999923,0.5689999999999991,0.3440000000000012,324.0,0.031999999999996476,0.945,6.0,14.0,7.0,7.0,13.666666666666666,0.3333333333333333,0,0.35,2024,10,Circuit de Barcelona-Catalunya,-2.0
ALO,Aston Martin,12.0,10.0,2,Lapped,,0,10.0,72.128,0.745,0.0,-1.0,0.7729999999999961,0.1789999999999985,0.3329999999999984,0.4090000000000025,326.0,0.0,0.8269999999999982,0.19000000000000128,0.44099999999999895,0.4559999999999995,322.0,0.0,0.896,41.0,9.0,58.0,5.0,12.0,0.0,0,0.35,2024,10,Circuit de Barcelona-Catalunya,2.0
ZHO,Kick Sauber,13.0,15.0,2,Lapped,,0,15.0,72.738,1.355,0.511,0.0,1.5589999999999975,0.33699999999999974,0.6539999999999999,0.7160000000000011,324.0,0.5480000000000018,1.081000000000003,0.18599999999999994,0.5090000000000003,0.6460000000000008,324.0,0.42099999999999227,1.365,0.0,19.0,0.0,10.0,15.333333333333334,0.0,0,0.35,2024,10,Circuit de Barcelona-Catalunya,-2.0
STR,Aston Martin,14.0,14.0,2,Lapped,,0,14.0,72.372,0.989,0.244,0.0,1.2409999999999997,0.32399999999999807,0.5059999999999967,0.485000000000003,322.0,0.4680000000000035,1.1380000000000052,0.2259999999999991,0.7210000000000001,0.4510000000000005,323.0,0.31100000000000705,1.263,17.0,11.0,58.0,5.0,10.0,0.0,0,0.35,2024,10,Circuit de Barcelona-Catalunya,0.0
RIC,RB F1 Team,15.0,18.0,2,Lapped,,0,18.0,73.075,1.692,0.09,0.0,1.1479999999999961,0.6019999999999968,0.39399999999999835,0.3000000000000007,317.0,0.0,0.9930000000000092,0.3000000000000007,0.5920000000000023,0.36100000000000065,327.0,0.04600000000000648,1.04,9.0,12.0,28.0,6.0,11.0,0.0,0,0.35,2024,10,Circuit de Barcelona-Catalunya,-3.0
BOT,Kick Sauber,16.0,12.0,2,Lapped,,0,12.0,72.227,0.844,0.0,0.0,1.0109999999999957,0.2029999999999994,0.36599999999999966,0.5370000000000026,325.0,0.0,0.6600000000000108,0.17600000000000193,0.3719999999999999,0.3719999999999999,326.0,0.0,0.99,0.0,20.0,0.0,10.0,14.666666666666666,0.0,0,0.35,2024,10,Circuit de Barcelona-Catalunya,4.0
MAG,Haas F1 Team,17.0,16.0,2,Lapped,,0,16.0,72.937,1.554,0.627,0.0,1.0609999999999928,0.39399999999999835,0.2879999999999967,0.527000000000001,325.0,0.09900000000000375,0.757000000000005,0.19500000000000028,0.5259999999999998,0.2959999999999994,326.0,0.0,0.985,1.0,18.0,7.0,7.0,14.666666666666666,0.3333333333333333,0,0.35,2024,10,Circuit de Barcelona-Catalunya,1.0
ALB,Williams,18.0,20.0,3,Lapped,,0,20.0,73.153,1.77,0.0,1.0,0.7399999999999949,0.2339999999999982,0.25299999999999656,0.4009999999999998,322.0,0.0,1.5430000000000064,0.365000000000002,0.870000000000001,0.5680000000000014,319.0,0.0,0.863,2.0,16.0,2.0,9.0,15.333333333333334,0.6666666666666666,0,0.35,2024,10,Circuit de Barcelona-Catalunya,-2.0
TSU,RB F1 Team,19.0,17.0,3,Lapped,,0,17.0,72.985,1.602,0.0,0.0,1.4069999999999965,0.4939999999999998,0.4859999999999971,0.5750000000000028,315.0,0.25900000000000034,0.9470000000000027,0.16499999999999915,0.7059999999999995,0.3360000000000021,325.0,0.0,1.193,19.0,10.0,28.0,6.0,10.666666666666666,0.0,0,0.35,2024,10,Circuit de Barcelona-Catalunya,2.0
SAR,Williams,20.0,19.0,2,Lapped,,0,19.0,73.509,2.126,0.356,-1.0,1.715999999999994,0.5299999999999976,0.7399999999999984,0.5940000000000012,320.0,0.9759999999999991,1.8059999999999974,0.6859999999999999,0.8880000000000017,0.4920000000000009,317.0,0.262999999999991,1.839,0.0,21.0,2.0,9.0,17.333333333333332,0.3333333333333333,0,0.35,2024,10,Circuit de Barcelona-Catalunya,1.0
RUS,Mercedes,1.0,3.0,2,Finished,,0,3.0,64.84,0.526,0.0,0.0,,,,,,,,,,,,,0.701,0.0,20.0,0.0,10.0,4.0,0.0,0,0.6,2024,11,Red Bull Ring,-2.0
PIA,McLaren,2.0,7.0,2,Finished,,0,7.0,65.048,0.734,0.33,0.0,,,,,,,,,,,,,0.276,0.0,20.0,0.0,10.0,3.5,0.0,0,0.6,2024,11,Red Bull Ring,-5.0
SAI,Ferrari,3.0,4.0,2,Finished,,0,4.0,64.851,0.537,0.0,0.0,,,,,,,,,,,,,0.443,0.0,20.0,0.0,10.0,9.5,0.5,0,0.6,2024,11,Red Bull Ring,-1.0
HAM,Mercedes,4.0,5.0,2,Finished,,0,5.0,64.903,0.589,0.063,0.0,,,,,,,,,,,,,0.543,0.0,20.0,0.0,10.0,5.5,0.0,0,0.6,2024,11,Red Bull Ring,-1.0
VER,Red Bull,5.0,1.0,3,Finished,,0,1.0,64.314,0.0,0.0,0.0,,,,,,,,,,,,,0.0,0.0,20.0,0.0,10.0,3.5,0.0,0,0.6,2024,11,Red Bull Ring,4.0
HUL,Haas F1 Team,6.0,9.0,2,Finished,,0,9.0,65.262,0.948,0.0,0.0,,,,,,,,,,,,,1.22,0.0,20.0,0.0,10.0,15.0,0.5,0,0.6,2024,11,Red Bull Ring,-3.0
PER,Red Bull,7.0,8.0,2,Finished,,0,8.0,65.144,0.83,0.83,0.0,,,,,,,,,,,,,1.008,0.0,20.0,0.0,10.0,18.0,1.0,0,0.6,2024,11,Red Bull Ring,-1.0
MAG,Haas F1 Team,8.0,12.0,2,Finished,,0,12.0,65.347,1.033,0.085,0.0,,,,,,,,,,,,,1.167,0.0,20.0,0.0,10.0,16.0,0.5,0,0.6,2024,11,Red Bull Ring,-4.0
RIC,RB F1 Team,9.0,11.0,2,Finished,,0,11.0,65.289,0.975,0.0,0.0,,,,,,,,,,,,,1.277,0.0,20.0,0.0,10.0,10.0,0.0,0,0.6,2024,11,Red Bull Ring,-2.0
GAS,Alpine F1 Team,10.0,13.0,2,Finished,,0,13.0,65.359,1.045,0.085,0.0,,,,,,,,,,,,,1.049,0.0,20.0,0.0,10.0,9.5,0.0,0,0.6,2024,11,Red Bull Ring,-3.0
LEC,Ferrari,11.0,6.0,4,Finished,,0,6.0,65.044,0.73,0.193,0.0,,,,,,,,,,,,,0.37,0.0,20.0,0.0,10.0,10.0,0.5,0,0.6,2024,11,Red Bull Ring,5.0
OCO,Alpine F1 Team,12.0,10.0,2,Finished,,0,10.0,65.274,0.96,0.0,0.0,,,,,,,,,,,,,0.612,0.0,20.0,0.0,10.0,13.5,0.5,0,0.6,2024,11,Red Bull Ring,2.0
STR,Aston Martin,13.0,17.0,2,Lapped,,0,17.0,65.819,1.505,0.18,0.0,,,,,,,,,,,,,0.699,0.0,20.0,0.0,10.0,10.5,0.0,0,0.6,2024,11,Red Bull Ring,-4.0
TSU,RB F1 Team,14.0,14.0,2,Lapped,,0,14.0,65.412,1.098,0.123,0.0,,,,,,,,,,,,,0.894,0.0,20.0,0.0,10.0,11.0,0.0,0,0.6,2024,11,Red Bull Ring,0.0
ALB,Williams,15.0,16.0,2,Lapped,,0,16.0,65.736,1.422,0.0,0.0,,,,,,,,,,,,,1.248,0.0,20.0,0.0,10.0,13.0,0.5,0,0.6,2024,11,Red Bull Ring,-1.0
BOT,Kick Sauber,16.0,18.0,2,Lapped,,0,18.0,65.847,1.533,0.0,0.0,,,,,,,,,,,,,1.156,0.0,20.0,0.0,10.0,13.0,0.0,0,0.6,2024,11,Red Bull Ring,-2.0
ZHO,Kick Sauber,17.0,20.0,3,Lapped,,0,20.0,66.061,1.747,0.214,0.0,,,,,,,,,,,,,1.234,0.0,20.0,0.0,10.0,15.5,0.0,0,0.6,2024,11,Red Bull Ring,-3.0
ALO,Aston Martin,18.0,15.0,3,Lapped,,0,15.0,65.639,1.325,0.0,0.0,,,,,,,,,,,,,0.918,0.0,20.0,0.0,10.0,8.5,0.0,0,0.6,2024,11,Red Bull Ring,3.0
SAR,Williams,19.0,19.0,3,Lapped,,0,19.0,65.856,1.542,0.12,0.0,,,,,,,,,,,,,1.455,0.0,20.0,0.0,10.0,17.5,0.5,0,0.6,2024,11,Red Bull Ring,0.0
NOR,McLaren,20.0,2.0,2,Lapped,,0,2.0,64.718,0.404,0.0,0.0,,,,,,,,,,,,,0.604,0.0,20.0,0.0,10.0,3.0,0.0,0,0.6,2024,11,Red Bull Ring,18.0
HAM,Mercedes,1.0,2.0,2,Finished,,0,2.0,85.99,0.171,0.171,0.0,0.03499999999999659,0.0710000000000015,0.0,0.34199999999999875,298.0,0.03499999999999659,0.6529999999999916,0.3930000000000007,0.22099999999999653,0.038999999999997925,323.0,0.0,0.653,85.0,8.0,196.0,4.0,3.6666666666666665,0.0,0,0.65,2024,12,Silverstone Circuit,-1.0
VER,Red Bull,2.0,4.0,2,Finished,,0,4.0,86.203,0.384,0.0,0.0,0.8640000000000043,0.3390000000000022,0.4859999999999971,0.41699999999999804,295.0,0.0,0.6839999999999975,0.46699999999999875,0.11699999999999733,0.09999999999999787,325.0,0.25,0.684,237.0,1.0,355.0,1.0,2.3333333333333335,0.0,0,0.65,2024,12,Silverstone Circuit,-2.0
NOR,McLaren,3.0,3.0,2,Finished,,0,3.0,86.03,0.211,0.0,0.0,0.18500000000000227,0.34800000000000253,0.018000000000000682,0.0,290.0,0.0,0.0,0.0,0.0,0.0,323.0,0.0,0.0,156.0,2.0,268.0,3.0,8.0,0.0,0,0.65,2024,12,Silverstone Circuit,0.0
PIA,McLaren,4.0,5.0,2,Finished,,0,5.0,86.237,0.418,0.207,0.0,1.125,0.5480000000000018,0.2839999999999989,0.5899999999999999,298.0,0.9399999999999977,0.33099999999998886,0.16499999999999915,0.06099999999999994,0.10500000000000043,324.0,0.33099999999998886,0.331,112.0,6.0,268.0,3.0,4.666666666666667,0.0,0,0.65,2024,12,Silverstone Circuit,-1.0
SAI,Ferrari,5.0,7.0,3,Finished,,0,7.0,86.509,0.69,0.0,0.0,0.6099999999999994,0.2220000000000013,0.030999999999998806,0.6369999999999969,299.0,0.0,0.6999999999999886,0.2940000000000005,0.2889999999999944,0.11699999999999733,325.0,0.09899999999998954,0.7,135.0,4.0,291.0,2.0,8.333333333333334,0.3333333333333333,0,0.65,2024,12,Silverstone Circuit,-2.0
HUL,Haas F1 Team,6.0,6.0,2,Finished,,0,6.0,86.338,0.519,0.0,0.0,1.811000000000007,0.5579999999999998,0.6400000000000006,0.9909999999999997,296.0,0.0,0.4409999999999883,0.10099999999999909,0.1769999999999996,0.16300000000000026,326.0,0.0,0.441,14.0,12.0,19.0,7.0,9.333333333333334,0.0,0,0.65,2024,12,Silverstone Circuit,0.0
STR,Aston Martin,7.0,8.0,2,Finished,,0,8.0,86.585,0.766,0.0,0.0,2.1710000000000065,0.5600000000000023,0.8389999999999986,0.722999999999999,293.0,0.7600000000000051,0.7249999999999943,0.17800000000000082,0.28999999999999915,0.22299999999999898,328.0,0.0,0.63,17.0,11.0,58.0,5.0,11.333333333333334,0.0,0,0.65,2024,12,Silverstone Circuit,-1.0
ALO,Aston Martin,8.0,10.0,2,Finished,,0,10.0,86.73,0.911,0.145,0.0,1.4110000000000014,0.5640000000000001,0.642000000000003,0.5829999999999984,297.0,0.0,0.8229999999999933,0.35900000000000176,0.24499999999999744,0.1479999999999997,324.0,0.09799999999999898,0.676,41.0,9.0,58.0,5.0,12.0,0.0,0,0.65,2024,12,Silverstone Circuit,-2.0
ALB,Williams,9.0,9.0,2,Finished,,0,9.0,86.64,0.821,0.0,0.0,2.073999999999998,0.5920000000000023,0.7550000000000026,0.857999999999997,299.0,0.0,1.0959999999999894,0.3810000000000002,0.47099999999999653,0.24399999999999977,323.0,0.0,1.096,2.0,18.0,2.0,9.0,16.666666666666668,0.3333333333333333,0,0.65,2024,12,Silverstone Circuit,0.0
TSU,RB F1 Team,10.0,13.0,2,Finished,,0,13.0,87.269,1.45,0.0,0.0,2.290999999999997,0.5640000000000001,1.2830000000000013,0.7899999999999991,296.0,0.0,1.195999999999998,0.35600000000000165,0.43199999999999505,0.4079999999999977,326.0,0.0,1.196,19.0,10.0,30.0,6.0,15.666666666666666,0.0,0,0.65,2024,12,Silverstone Circuit,-3.0
SAR,Williams,11.0,12.0,2,Finished,,0,12.0,87.175,1.356,0.535,0.0,2.173000000000002,0.6810000000000009,0.9859999999999971,0.8839999999999968,301.0,0.09900000000000375,1.259999999999991,0.4480000000000004,0.5039999999999978,0.30799999999999983,324.0,0.16400000000000148,1.26,0.0,21.0,2.0,9.0,19.666666666666668,0.3333333333333333,0,0.65,2024,12,Silverstone Circuit,-1.0
MAG,Haas F1 Team,12.0,17.0,2,Finished,,0,17.0,92.905,7.086,6.567,0.0,3.010000000000005,0.8580000000000005,1.4100000000000037,0.9539999999999971,295.0,1.198999999999998,1.5729999999999933,0.4170000000000016,0.7209999999999965,0.4349999999999987,325.0,1.132000000000005,1.573,5.0,16.0,19.0,7.0,12.333333333333334,0.0,0,0.65,2024,12,Silverstone Circuit,-5.0
RIC,RB F1 Team,13.0,15.0,2,Lapped,,0,15.0,87.949,2.13,0.68,0.0,3.293999999999997,0.7210000000000001,1.6189999999999998,1.0879999999999974,295.0,1.0030000000000001,1.3669999999999902,0.4170000000000016,0.6099999999999994,0.33999999999999986,327.0,0.17099999999999227,1.367,11.0,13.0,30.0,6.0,10.666666666666666,0.0,0,0.65,2024,12,Silverstone Circuit,-2.0
LEC,Ferrari,14.0,11.0,3,Lapped,,0,11.0,87.097,1.278,0.588,0.0,0.9249999999999972,0.20500000000000185,0.642000000000003,0.4399999999999977,297.0,0.3149999999999977,0.6009999999999991,0.20200000000000173,0.24899999999999523,0.0259999999999998,324.0,0.0,0.477,150.0,3.0,291.0,2.0,11.666666666666666,0.3333333333333333,0,0.65,2024,12,Silverstone Circuit,3.0
BOT,Kick Sauber,15.0,16.0,2,Lapped,,0,16.0,92.431,6.612,4.564,0.0,2.713000000000008,0.9600000000000009,1.2070000000000007,0.9239999999999995,294.0,0.0,0.8319999999999936,0.2749999999999986,0.39000000000000057,0.16699999999999804,327.0,0.0,0.832,0.0,20.0,0.0,10.0,15.0,0.0,0,0.65,2024,12,Silverstone Circuit,-1.0
OCO,Alpine F1 Team,16.0,18.0,4,Lapped,,0,18.0,94.557,8.738,0.0,0.0,2.9010000000000105,0.6630000000000003,1.399000000000001,0.9639999999999986,292.0,0.0,1.1939999999999884,0.35900000000000176,0.42499999999999716,0.19699999999999918,322.0,0.01099999999999568,0.981,3.0,17.0,9.0,8.0,10.666666666666666,0.0,0,0.65,2024,12,Silverstone Circuit,-2.0
PER,Red Bull,17.0,20.0,5,Lapped,,0,20.0,98.348,12.529,12.145,1.0,1.7550000000000097,0.6460000000000008,0.730000000000004,0.602999999999998,299.0,0.8910000000000053,0.4339999999999975,0.31899999999999906,0.0519999999999996,0.06299999999999883,325.0,0.0,0.434,118.0,5.0,355.0,1.0,11.0,0.3333333333333333,0,0.65,2024,12,Silverstone Circuit,-3.0
ZHO,Kick Sauber,18.0,14.0,4,Lapped,,0,14.0,87.867,2.048,0.0,0.0,4.256,1.2550000000000026,1.8719999999999999,1.506999999999998,291.0,1.5429999999999922,1.2639999999999958,0.3689999999999998,0.6359999999999957,0.24899999999999878,326.0,0.43200000000000216,1.254,0.0,19.0,0.0,10.0,15.0,0.0,0,0.65,2024,12,Silverstone Circuit,4.0
RUS,Mercedes,19.0,1.0,1,Retired,DNF,1,1.0,85.819,0.0,0.0,0.0,0.0,0.0,0.3299999999999983,0.047999999999998266,297.0,0.0,0.7449999999999903,0.4089999999999989,0.27199999999999847,0.06400000000000006,321.0,0.09199999999999875,0.745,111.0,7.0,196.0,4.0,2.6666666666666665,0.0,0,0.65,2024,12,Silverstone Circuit,18.0
GAS,Alpine F1 Team,20.0,19.0,1,Did not start,DNS,1,19.0,99.804,13.985,5.247,-1.0,1.811000000000007,0.5640000000000001,0.730000000000004,0.722999999999999,296.0,0.0,1.1829999999999927,0.44399999999999906,0.42499999999999716,0.31099999999999994,324.0,0.0,1.18,6.0,15.0,9.0,8.0,9.333333333333334,0.0,0,0.65,2024,12,Silverstone Circuit,1.0
PIA,McLaren,1.0,2.0,2,Finished,,0,2.0,75.249,0.022,0.022,0.0,0.04399999999999693,0.12600000000000122,0.04399999999999693,0.0,307.0,0.04399999999999693,0.8299999999999983,0.2989999999999995,0.2729999999999997,0.38599999999999923,303.0,0.8299999999999983,0.071,124.0,5.0,295.0,3.0,4.333333333333333,0.0,0,0.5,2024,13,Unknown,-1.0
NOR,McLaren,2.0,1.0,2,Finished,,0,1.0,75.227,0.0,0.0,0.0,0.0,0.02500000000000213,0.0,0.07399999999999807,307.0,0.0,0.0,0.0,0.08999999999999986,0.038000000000000256,302.0,0.0,0.0,171.0,2.0,295.0,3.0,8.333333333333334,0.0,0,0.5,2024,13,Unknown,1.0
HAM,Mercedes,3.0,5.0,2,Finished,,0,5.0,75.854,0.627,0.0,0.0,0.6880000000000024,0.34499999999999886,0.12099999999999866,0.347999999999999,305.0,0.2220000000000084,0.5750000000000028,0.25400000000000134,0.3329999999999984,0.11599999999999966,304.0,0.06900000000000261,0.715,110.0,8.0,221.0,4.0,2.6666666666666665,0.0,0,0.5,2024,13,Unknown,-2.0
LEC,Ferrari,4.0,6.0,2,Finished,,0,6.0,75.891,0.664,0.195,0.0,0.7049999999999983,0.18299999999999983,0.3689999999999998,0.2789999999999999,305.0,0.16400000000000148,1.4980000000000047,0.6120000000000019,0.6679999999999993,0.3460000000000001,302.0,1.100999999999999,0.732,150.0,3.0,302.0,2.0,10.0,0.0,0,0.5,2024,13,Unknown,-2.0
VER,Red Bull,5.0,3.0,2,Finished,,0,3.0,75.273,0.046,0.0,0.0,0.2810000000000059,0.053000000000000824,0.2629999999999981,0.09100000000000108,306.0,0.0,0.2430000000000092,0.26500000000000057,0.0,0.1059999999999981,302.0,0.0,0.308,255.0,1.0,373.0,1.0,2.6666666666666665,0.0,0,0.5,2024,13,Unknown,2.0
SAI,Ferrari,6.0,4.0,2,Finished,,0,4.0,75.696,0.469,0.0,0.0,0.5409999999999968,0.07499999999999929,0.3739999999999988,0.21799999999999997,306.0,0.0,0.39700000000000557,0.054000000000002046,0.38400000000000034,0.08699999999999974,306.0,0.0,0.568,146.0,4.0,302.0,2.0,4.666666666666667,0.0,0,0.5,2024,13,Unknown,2.0
PER,Red Bull,7.0,16.0,2,Finished,,0,16.0,77.886,2.659,2.613,0.0,0.8559999999999945,0.11400000000000077,0.5019999999999989,0.36599999999999966,308.0,0.5749999999999886,0.46699999999999875,0.24600000000000222,0.3490000000000002,0.0,305.0,0.22399999999998954,0.883,118.0,6.0,373.0,1.0,10.666666666666666,0.0,0,0.5,2024,13,Unknown,-9.0
RUS,Mercedes,8.0,17.0,2,Finished,,0,17.0,77.968,2.741,2.114,0.0,0.465999999999994,0.21999999999999886,0.1980000000000004,0.10899999999999821,307.0,0.0,0.5060000000000002,0.35100000000000264,0.1479999999999997,0.134999999999998,309.0,0.0,0.428,111.0,7.0,221.0,4.0,8.0,0.3333333333333333,0,0.5,2024,13,Unknown,-9.0
TSU,RB F1 Team,9.0,10.0,1,Finished,,0,10.0,76.121,0.894,0.0,1.0,0.6460000000000008,0.11299999999999955,0.44599999999999795,0.21300000000000097,304.0,0.09199999999999875,1.8179999999999978,0.34800000000000253,0.48600000000000065,0.1789999999999985,301.0,1.2349999999999994,0.673,20.0,12.0,31.0,6.0,14.333333333333334,0.0,0,0.5,2024,13,Unknown,-1.0
STR,Aston Martin,10.0,8.0,2,Finished,,0,8.0,76.075,0.848,0.032,0.0,0.9869999999999948,0.08099999999999952,0.384999999999998,0.5609999999999999,308.0,0.08399999999998897,1.3910000000000053,0.13700000000000045,0.5559999999999974,0.3819999999999979,307.0,0.6599999999999966,0.928,23.0,10.0,68.0,5.0,11.333333333333334,0.0,0,0.5,2024,13,Unknown,2.0
ALO,Aston Martin,11.0,7.0,2,Finished,,0,7.0,76.043,0.816,0.0,0.0,0.9030000000000058,0.08899999999999864,0.5009999999999977,0.2530000000000001,308.0,0.0,0.7310000000000088,0.08800000000000097,0.3230000000000004,0.21999999999999886,307.0,0.0,0.744,45.0,9.0,68.0,5.0,12.666666666666666,0.0,0,0.5,2024,13,Unknown,4.0
RIC,RB F1 Team,12.0,9.0,2,Lapped,,0,9.0,76.202,0.975,0.081,-1.0,0.554000000000002,0.12600000000000122,0.39699999999999847,0.15700000000000003,302.0,0.0,0.5829999999999984,0.22600000000000264,0.21999999999999886,0.0259999999999998,300.0,0.0,0.581,11.0,13.0,31.0,6.0,12.333333333333334,0.0,0,0.5,2024,13,Unknown,3.0
HUL,Haas F1 Team,13.0,11.0,2,Lapped,,0,11.0,76.317,1.09,0.0,0.0,0.597999999999999,0.0,0.49799999999999756,0.2259999999999991,308.0,0.0,1.0030000000000001,0.1490000000000009,0.5700000000000003,0.34499999999999886,306.0,0.4759999999999991,0.625,22.0,11.0,27.0,7.0,7.666666666666667,0.0,0,0.5,2024,13,Unknown,2.0
ALB,Williams,14.0,13.0,2,Lapped,,0,13.0,76.429,1.202,0.0,0.0,0.5630000000000024,0.21399999999999864,0.30299999999999727,0.1720000000000006,304.0,0.0,0.7259999999999991,0.2630000000000017,0.2889999999999979,0.2729999999999997,305.0,0.0,0.59,4.0,17.0,4.0,9.0,14.0,0.0,0,0.5,2024,13,Unknown,1.0
MAG,Haas F1 Team,15.0,15.0,2,Lapped,,0,15.0,76.548,1.321,0.231,0.0,1.409000000000006,0.0519999999999996,0.8349999999999973,0.5449999999999982,310.0,0.811000000000007,0.527000000000001,0.17800000000000082,0.31799999999999784,0.15899999999999892,309.0,0.0,1.333,5.0,16.0,27.0,7.0,12.333333333333334,0.0,0,0.5,2024,13,Unknown,0.0
BOT,Kick Sauber,16.0,12.0,2,Lapped,,0,12.0,76.384,1.157,0.0,0.0,0.7060000000000031,0.1490000000000009,0.546999999999997,0.13599999999999923,303.0,0.0,0.7980000000000018,0.125,0.2259999999999991,0.07199999999999918,306.0,0.0,0.733,0.0,21.0,0.0,10.0,15.666666666666666,0.0,0,0.5,2024,13,Unknown,4.0
SAR,Williams,17.0,14.0,3,Lapped,,0,14.0,76.543,1.316,0.114,0.0,1.0700000000000074,0.2759999999999998,0.48999999999999844,0.4299999999999997,305.0,0.507000000000005,0.8230000000000075,0.22600000000000264,0.4009999999999998,0.21099999999999852,306.0,0.09700000000000841,1.097,0.0,20.0,4.0,9.0,16.666666666666668,0.0,0,0.5,2024,13,Unknown,3.0
OCO,Alpine F1 Team,18.0,19.0,3,Lapped,,0,19.0,78.049,2.822,0.0,0.0,1.4770000000000039,0.10099999999999909,0.7629999999999981,0.46699999999999875,306.0,0.07600000000000762,0.9660000000000082,0.3960000000000008,0.4239999999999995,0.2699999999999996,300.0,0.0,1.232,3.0,18.0,9.0,8.0,12.666666666666666,0.0,0,0.5,2024,13,Unknown,-1.0
ZHO,Kick Sauber,19.0,18.0,2,Lapped,,0,18.0,78.037,2.81,1.653,0.0,1.1929999999999978,0.17999999999999972,0.7319999999999993,0.40700000000000003,305.0,0.48699999999999477,2.2789999999999964,0.8180000000000014,1.1879999999999988,0.2680000000000007,301.0,1.4809999999999945,1.22,0.0,19.0,0.0,10.0,16.0,0.0,0,0.5,2024,13,Unknown,1.0
GAS,Alpine F1 Team,20.0,20.0,2,Retired,DNF,1,20.0,78.166,2.939,0.117,0.0,1.4009999999999962,0.2680000000000007,0.8079999999999998,0.4510000000000005,301.0,0.0,1.1000000000000085,0.2740000000000009,0.49799999999999756,0.352999999999998,303.0,0.13400000000000034,1.428,6.0,15.0,9.0,8.0,13.0,0.0,0,0.5,2024,13,Unknown,0.0
HAM,Mercedes,1.0,3.0,2,Finished,,0,3.0,113.835,0.676,0.0,-1.0,5.186000000000007,0.7089999999999961,2.7989999999999995,2.089000000000002,275.0,0.0,1.2590000000000003,0.3730000000000011,0.5960000000000036,0.21300000000000097,310.0,0.2289999999999992,1.062,125.0,6.0,241.0,4.0,2.6666666666666665,0.0,0,0.75,2024,14,Circuit de Spa-Francorchamps,-2.0
PIA,McLaren,2.0,5.0,2,Finished,,0,5.0,114.027,0.868,0.046,-1.0,1.433000000000007,0.367999999999995,0.6950000000000003,0.0,290.0,0.0,0.2149999999999892,0.08100000000000307,0.1670000000000016,0.0870000000000033,312.0,0.2149999999999892,0.215,149.0,5.0,338.0,2.0,2.3333333333333335,0.0,0,0.75,2024,14,Circuit de Spa-Francorchamps,-3.0
LEC,Ferrari,3.0,1.0,2,Finished,,0,1.0,113.754,0.595,0.0,-1.0,4.4680000000000035,0.9299999999999997,2.2120000000000033,1.4370000000000012,272.0,0.0,0.5769999999999982,0.02500000000000213,0.3620000000000019,0.3100000000000023,312.0,0.0,0.577,162.0,3.0,322.0,3.0,9.666666666666666,0.0,0,0.75,2024,14,Circuit de Spa-Francorchamps,2.0
VER,Red Bull,4.0,11.0,2,Finished,,0,11.0,113.159,0.0,0.0,10.0,0.0,0.006999999999997897,0.0,0.4039999999999999,281.0,0.0,0.21699999999999875,0.16300000000000026,0.12200000000000699,0.04600000000000293,313.0,0.0,0.211,265.0,1.0,389.0,1.0,4.0,0.0,0,0.75,2024,14,Circuit de Spa-Francorchamps,-7.0
NOR,McLaren,5.0,4.0,2,Finished,,0,4.0,113.981,0.822,0.0,-1.0,1.8070000000000022,0.6689999999999969,0.47400000000000375,1.0749999999999993,263.0,0.3739999999999952,0.0,0.120000000000001,0.0,0.0,314.0,0.0,0.0,189.0,2.0,338.0,2.0,8.333333333333334,0.0,0,0.75,2024,14,Circuit de Spa-Francorchamps,1.0
SAI,Ferrari,6.0,7.0,2,Finished,,0,7.0,114.112,0.953,0.358,-1.0,5.186000000000007,0.7639999999999958,2.503,1.6890000000000036,272.0,0.0,0.8379999999999939,0.15800000000000125,0.5600000000000023,0.17600000000000193,311.0,0.2609999999999957,0.774,154.0,4.0,322.0,3.0,4.666666666666667,0.0,0,0.75,2024,14,Circuit de Spa-Francorchamps,-1.0
PER,Red Bull,7.0,2.0,3,Finished,,0,2.0,113.765,0.606,0.606,-1.0,5.537999999999997,1.756999999999998,2.503,1.6890000000000036,258.0,5.537999999999997,1.2439999999999998,0.3240000000000016,0.7430000000000021,0.2970000000000006,310.0,1.027000000000001,1.244,124.0,7.0,389.0,1.0,10.333333333333334,0.0,0,0.75,2024,14,Circuit de Spa-Francorchamps,5.0
ALO,Aston Martin,8.0,8.0,1,Finished,,0,8.0,114.258,1.099,0.0,-1.0,6.506,0.9839999999999947,2.899000000000001,3.0340000000000025,273.0,2.033999999999992,1.2779999999999916,0.21000000000000085,0.9850000000000065,0.142000000000003,313.0,0.006000000000000227,1.217,45.0,9.0,69.0,5.0,12.333333333333334,0.0,0,0.75,2024,14,Circuit de Spa-Francorchamps,0.0
OCO,Alpine F1 Team,9.0,9.0,2,Finished,,0,9.0,114.46,1.301,0.0,-1.0,3.6850000000000023,0.2010000000000005,1.267000000000003,1.1900000000000013,268.0,2.075000000000003,1.1409999999999911,0.017000000000003013,1.1980000000000004,0.04600000000000293,315.0,0.0,1.141,3.0,18.0,9.0,8.0,15.333333333333334,0.0,0,0.75,2024,14,Circuit de Spa-Francorchamps,0.0
RIC,RB F1 Team,10.0,13.0,2,Finished,,0,13.0,114.682,1.523,0.0,0.0,6.844999999999999,1.161999999999999,3.230000000000004,2.8640000000000008,255.0,0.0,1.5629999999999882,0.022999999999999687,1.5040000000000049,0.15600000000000236,313.0,0.0,1.538,11.0,13.0,33.0,6.0,11.333333333333334,0.0,0,0.75,2024,14,Circuit de Spa-Francorchamps,-3.0
STR,Aston Martin,11.0,15.0,1,Finished,,0,15.0,115.716,2.557,1.458,0.0,4.472000000000008,0.7639999999999958,2.7929999999999993,0.7900000000000027,273.0,0.0,1.2719999999999914,0.11000000000000298,1.0460000000000065,0.23600000000000065,312.0,0.0,1.272,24.0,10.0,69.0,5.0,10.0,0.0,0,0.75,2024,14,Circuit de Spa-Francorchamps,-4.0
ALB,Williams,12.0,10.0,2,Finished,,0,10.0,114.473,1.314,0.0,-1.0,5.878,1.3200000000000003,2.8100000000000023,2.1590000000000025,247.0,0.0,1.6319999999999908,0.1750000000000007,1.2710000000000008,0.12100000000000222,313.0,0.0,1.43,4.0,17.0,4.0,9.0,12.666666666666666,0.0,0,0.75,2024,14,Circuit de Spa-Francorchamps,2.0
GAS,Alpine F1 Team,13.0,12.0,2,Finished,,0,12.0,114.635,1.476,0.175,0.0,1.6099999999999994,0.0,1.443000000000005,0.5779999999999994,276.0,0.0,1.5689999999999884,0.05600000000000094,1.4500000000000028,0.18299999999999983,317.0,0.42799999999999727,1.504,6.0,15.0,9.0,8.0,16.666666666666668,0.3333333333333333,0,0.75,2024,14,Circuit de Spa-Francorchamps,1.0
MAG,Haas F1 Team,14.0,17.0,1,Finished,,0,17.0,116.5,3.341,0.192,0.0,5.186000000000007,0.7639999999999958,2.503,1.6890000000000036,272.0,0.0,1.2249999999999943,0.10600000000000165,1.0940000000000012,0.05900000000000105,312.0,0.0,1.139,5.0,16.0,27.0,7.0,11.666666666666666,0.0,0,0.75,2024,14,Circuit de Spa-Francorchamps,-3.0
BOT,Kick Sauber,15.0,14.0,2,Finished,,0,14.0,114.764,1.605,0.0,0.0,4.927000000000007,0.705999999999996,2.932000000000002,1.4090000000000025,267.0,0.0,1.414999999999992,0.17400000000000304,1.2510000000000048,0.11000000000000298,313.0,0.0,1.415,0.0,21.0,0.0,10.0,15.666666666666666,0.0,0,0.75,2024,14,Circuit de Spa-Francorchamps,1.0
TSU,RB F1 Team,16.0,20.0,1,Finished,,0,20.0,116.593,3.434,1.911,2.0,7.878999999999991,0.5019999999999953,0.9089999999999989,2.8520000000000003,272.0,1.0339999999999918,2.087999999999994,0.0,1.9780000000000015,0.23000000000000043,314.0,0.5250000000000057,2.088,22.0,12.0,33.0,6.0,11.0,0.0,0,0.75,2024,14,Circuit de Spa-Francorchamps,-4.0
SAR,Williams,17.0,18.0,2,Finished,,0,18.0,117.23,4.071,2.757,-1.0,9.655000000000001,1.3939999999999984,2.469000000000001,6.202999999999999,254.0,3.777000000000001,1.965999999999994,0.30700000000000216,1.480000000000004,0.29900000000000304,314.0,0.3340000000000032,1.957,0.0,20.0,4.0,9.0,15.666666666666666,0.0,0,0.75,2024,14,Circuit de Spa-Francorchamps,-1.0
HUL,Haas F1 Team,18.0,16.0,2,Finished,,0,16.0,116.308,3.149,0.0,0.0,6.474999999999994,1.3739999999999952,3.531000000000006,1.980999999999998,272.0,0.0,1.5859999999999985,0.0730000000000004,1.433000000000007,0.20000000000000284,315.0,0.3610000000000042,1.586,22.0,11.0,27.0,7.0,8.333333333333334,0.0,0,0.75,2024,14,Circuit de Spa-Francorchamps,2.0
ZHO,Kick Sauber,19.0,19.0,1,Retired,DNF,1,19.0,117.775,4.616,3.011,-1.0,9.544000000000011,1.303999999999995,5.657000000000004,2.9940000000000033,263.0,4.617000000000004,2.0420000000000016,0.142000000000003,1.656000000000006,0.277000000000001,313.0,0.6270000000000095,1.955,0.0,19.0,0.0,10.0,18.0,0.0,0,0.75,2024,14,Circuit de Spa-Francorchamps,0.0
RUS,Mercedes,20.0,6.0,1,Disqualified,DSQ,1,6.0,114.095,0.936,0.26,-1.0,5.186000000000007,0.7639999999999958,2.503,1.6890000000000036,272.0,0.0,1.0300000000000011,0.19400000000000261,0.6760000000000019,0.28000000000000114,312.0,0.0,1.03,116.0,8.0,241.0,4.0,9.333333333333334,0.3333333333333333,0,0.75,2024,14,Circuit de Spa-Francorchamps,14.0
NOR,McLaren,1.0,1.0,1,Finished,,0,1.0,69.673,0.0,0.0,0.0,1.0759999999999934,0.8769999999999989,0.48400000000000176,0.06300000000000239,245.0,0.0,0.25900000000000034,0.053999999999998494,0.22299999999999898,0.15000000000000213,325.0,0.1979999999999933,0.259,199.0,2.0,366.0,2.0,3.3333333333333335,0.0,0,0.3,2024,15,Circuit Park Zandvoort,0.0
VER,Red Bull,2.0,2.0,1,Finished,,0,2.0,70.029,0.356,0.0,0.0,4.048999999999992,2.0249999999999986,1.5180000000000007,0.8540000000000028,236.0,0.0,0.284000000000006,0.21099999999999852,0.19699999999999918,0.04400000000000048,327.0,0.0,0.284,277.0,1.0,408.0,1.0,3.6666666666666665,0.0,0,0.3,2024,15,Circuit Park Zandvoort,0.0
LEC,Ferrari,3.0,6.0,1,Finished,,0,6.0,70.582,0.909,0.0,0.0,3.846999999999994,1.6499999999999986,1.9830000000000005,0.5620000000000012,239.0,1.5690000000000026,0.7409999999999997,0.259999999999998,0.4789999999999992,0.1700000000000017,324.0,0.0,0.741,177.0,3.0,345.0,3.0,7.0,0.0,0,0.3,2024,15,Circuit Park Zandvoort,-3.0
PIA,McLaren,4.0,3.0,1,Finished,,0,3.0,70.172,0.499,0.499,0.0,1.5389999999999873,0.3689999999999998,0.0,0.28100000000000236,281.0,0.46299999999999386,0.06100000000000705,0.13700000000000045,0.09199999999999875,0.0,325.0,0.0,0.061,167.0,4.0,366.0,2.0,2.3333333333333335,0.0,0,0.3,2024,15,Circuit Park Zandvoort,1.0
SAI,Ferrari,5.0,10.0,1,Finished,,0,10.0,70.914,1.241,0.332,-1.0,2.2779999999999916,1.1649999999999991,0.8520000000000003,0.6090000000000018,266.0,0.0,2.406000000000006,1.036999999999999,0.8629999999999995,0.5180000000000007,317.0,1.6650000000000063,1.932,162.0,5.0,345.0,3.0,5.666666666666667,0.0,0,0.3,2024,15,Circuit Park Zandvoort,-5.0
PER,Red Bull,6.0,5.0,1,Finished,,0,5.0,70.416,0.743,0.387,0.0,2.160499999999992,1.0259999999999998,0.9145000000000021,0.5215000000000014,257.5,0.0,0.8790000000000049,0.16699999999999804,0.43700000000000117,0.4430000000000014,327.0,0.5949999999999989,0.879,131.0,7.0,408.0,1.0,10.333333333333334,0.0,0,0.3,2024,15,Circuit Park Zandvoort,1.0
RUS,Mercedes,7.0,4.0,2,Finished,,0,4.0,70.244,0.571,0.0,0.0,3.6469999999999914,0.8990000000000009,1.5370000000000026,0.8160000000000025,256.0,0.0,0.0,0.07199999999999918,0.0,0.09600000000000009,327.0,0.0,0.0,116.0,8.0,266.0,4.0,15.666666666666666,0.6666666666666666,0,0.3,2024,15,Circuit Park Zandvoort,3.0
HAM,Mercedes,8.0,14.0,2,Finished,,0,14.0,70.948,1.275,0.704,2.0,3.786999999999992,1.8419999999999987,1.5410000000000004,0.7520000000000024,232.0,0.14000000000000057,0.1110000000000042,0.0,0.09299999999999997,0.18599999999999994,328.0,0.1110000000000042,0.111,150.0,6.0,266.0,4.0,1.6666666666666667,0.0,0,0.3,2024,15,Circuit Park Zandvoort,-6.0
GAS,Alpine F1 Team,9.0,9.0,1,Lapped,,0,9.0,70.815,1.142,0.0,-1.0,0.0,0.0,0.3420000000000023,0.006000000000000227,282.0,0.0,0.9420000000000073,0.28500000000000014,0.4529999999999994,0.37200000000000344,325.0,0.0,0.942,6.0,15.0,11.0,8.0,17.666666666666668,0.3333333333333333,0,0.3,2024,15,Circuit Park Zandvoort,0.0
ALO,Aston Martin,10.0,7.0,1,Lapped,,0,7.0,70.633,0.96,0.0,0.0,1.1499999999999915,0.5530000000000008,0.554000000000002,0.3910000000000018,264.0,0.0,0.6550000000000011,0.245000000000001,0.3069999999999986,0.19700000000000273,325.0,0.0,0.581,49.0,9.0,73.0,5.0,9.0,0.0,0,0.3,2024,15,Circuit Park Zandvoort,3.0
HUL,Haas F1 Team,11.0,12.0,1,Lapped,,0,12.0,71.215,1.542,0.0,-2.0,2.042999999999992,1.1529999999999987,0.9380000000000024,0.3000000000000007,234.0,1.9039999999999964,2.5940000000000083,1.154,1.024000000000001,0.5440000000000005,322.0,1.8659999999999997,2.355,22.0,11.0,27.0,7.0,12.333333333333334,0.0,0,0.3,2024,15,Circuit Park Zandvoort,-1.0
RIC,RB F1 Team,12.0,13.0,1,Lapped,,0,13.0,71.943,2.27,0.988,-3.0,5.122,1.971,2.4430000000000014,1.056000000000001,248.0,0.0,0.9279999999999973,0.5060000000000002,0.3309999999999995,0.25900000000000034,324.0,0.2560000000000002,0.928,12.0,13.0,34.0,6.0,11.666666666666666,0.0,0,0.3,2024,15,Circuit Park Zandvoort,-1.0
STR,Aston Martin,13.0,8.0,1,Lapped,,0,8.0,70.661,0.988,0.028,-1.0,1.6299999999999955,0.7119999999999997,0.6890000000000001,0.5770000000000017,273.0,0.480000000000004,0.8739999999999952,0.2270000000000003,0.4510000000000005,0.36400000000000077,326.0,0.2189999999999941,0.874,24.0,10.0,73.0,5.0,9.333333333333334,0.0,0,0.3,2024,15,Circuit Park Zandvoort,5.0
ALB,Williams,14.0,19.0,2,Lapped,,0,19.0,70.653,0.98,0.0,11.0,3.695999999999998,1.7650000000000006,1.3350000000000009,0.9440000000000026,231.0,0.7199999999999989,0.847999999999999,0.26399999999999935,0.4989999999999988,0.22500000000000142,324.0,0.0,0.82,4.0,18.0,4.0,9.0,11.666666666666666,0.0,0,0.3,2024,15,Circuit Park Zandvoort,-5.0
OCO,Alpine F1 Team,15.0,15.0,1,Lapped,,0,15.0,71.995,2.322,1.18,-2.0,1.3319999999999936,0.5599999999999987,0.8910000000000018,0.22900000000000276,266.0,1.3319999999999936,1.3590000000000089,0.5229999999999997,0.588000000000001,0.41600000000000037,324.0,0.4170000000000016,1.359,5.0,17.0,11.0,8.0,14.333333333333334,0.0,0,0.3,2024,15,Circuit Park Zandvoort,0.0
SAR,Williams,16.0,18.0,1,Lapped,,0,18.0,70.815,1.142,0.0,0.0,2.975999999999999,1.222999999999999,1.1560000000000024,0.9450000000000003,265.0,0.0,1.1159999999999997,0.4089999999999989,0.5399999999999991,0.33500000000000085,323.0,0.2680000000000007,1.116,0.0,20.0,4.0,9.0,15.0,0.0,0,0.3,2024,15,Circuit Park Zandvoort,-2.0
TSU,RB F1 Team,17.0,11.0,2,Lapped,,0,11.0,70.955,1.282,0.0,-2.0,2.160499999999992,1.0259999999999998,0.9145000000000021,0.5215000000000014,257.5,0.0,0.671999999999997,0.28699999999999903,0.3230000000000004,0.23000000000000043,324.0,0.0,0.672,22.0,12.0,34.0,6.0,11.666666666666666,0.0,0,0.3,2024,15,Circuit Park Zandvoort,6.0
MAG,Haas F1 Team,18.0,20.0,2,Lapped,,0,20.0,71.295,1.622,0.08,5.0,0.1389999999999958,0.009000000000000341,0.47800000000000153,0.0,259.0,0.0,0.7280000000000086,0.18900000000000006,0.3930000000000007,0.20400000000000063,328.0,0.0,0.618,5.0,16.0,27.0,7.0,13.666666666666666,0.0,0,0.3,2024,15,Circuit Park Zandvoort,-2.0
BOT,Kick Sauber,19.0,16.0,2,Lapped,,0,16.0,72.168,2.495,0.0,-2.0,0.8439999999999941,0.21600000000000108,0.6400000000000006,0.3360000000000021,290.0,0.0,1.5040000000000049,0.6149999999999984,0.6170000000000009,0.3550000000000004,326.0,0.27200000000000557,1.419,0.0,21.0,0.0,10.0,15.333333333333334,0.0,0,0.3,2024,15,Circuit Park Zandvoort,3.0
ZHO,Kick Sauber,20.0,17.0,2,Lapped,,0,17.0,73.261,3.588,1.093,-2.0,2.928999999999988,1.4480000000000004,1.3480000000000025,0.48100000000000165,235.0,2.0849999999999937,1.2319999999999993,0.3810000000000002,0.5240000000000009,0.495000000000001,325.0,0.0,1.232,0.0,19.0,0.0,10.0,18.666666666666668,0.3333333333333333,0,0.3,2024,15,Circuit Park Zandvoort,3.0
LEC,Ferrari,1.0,4.0,1,Finished,,0,4.0,79.461,0.134,0.0,0.0,0.10899999999999466,0.046999999999997044,0.0990000000000002,0.0259999999999998,349.0,0.0,0.15399999999999636,0.21499999999999986,0.17600000000000193,0.10300000000000153,344.0,0.05100000000000193,0.0,192.0,3.0,370.0,3.0,3.3333333333333335,0.0,0,0.65,2024,16,Autodromo Nazionale di Monza,-3.0
PIA,McLaren,2.0,2.0,2,Finished,,0,2.0,79.436,0.109,0.109,0.0,0.1349999999999909,0.18099999999999739,0.1319999999999979,0.010000000000001563,347.0,0.0,0.12000000000000455,0.0,0.0,0.23000000000000043,345.0,0.11700000000000443,0.025,179.0,4.0,404.0,2.0,2.3333333333333335,0.0,0,0.65,2024,16,Autodromo Nazionale di Monza,0.0
NOR,McLaren,3.0,1.0,2,Finished,,0,1.0,79.327,0.0,0.0,0.0,0.14499999999999602,0.12099999999999866,0.0,0.19200000000000017,343.0,0.010000000000005116,0.0030000000000001137,0.21199999999999974,0.04299999999999926,0.08800000000000097,347.0,0.0,0.141,225.0,2.0,404.0,2.0,2.6666666666666665,0.0,0,0.65,2024,16,Autodromo Nazionale di Monza,2.0
SAI,Ferrari,4.0,5.0,1,Finished,,0,5.0,79.467,0.14,0.006,0.0,0.3459999999999894,0.09099999999999753,0.14300000000000068,0.06800000000000139,344.0,0.23699999999999477,0.10299999999999443,0.14099999999999824,0.1739999999999995,0.1280000000000001,347.0,0.0,0.13,172.0,5.0,370.0,3.0,5.666666666666667,0.0,0,0.65,2024,16,Autodromo Nazionale di Monza,-1.0
HAM,Mercedes,5.0,6.0,2,Finished,,0,6.0,79.513,0.186,0.073,0.0,0.0,0.04400000000000048,0.06599999999999895,0.0779999999999994,343.0,0.0,0.0,0.254999999999999,0.08500000000000085,0.0,348.0,0.0,0.016,154.0,6.0,276.0,4.0,4.0,0.0,0,0.65,2024,16,Autodromo Nazionale di Monza,-1.0
VER,Red Bull,6.0,7.0,2,Finished,,0,7.0,79.662,0.335,0.0,0.0,0.25099999999999056,0.11499999999999844,0.1769999999999996,0.0,343.0,0.0,0.8719999999999999,0.3279999999999994,0.16499999999999915,0.3710000000000022,347.0,0.0,0.12,295.0,1.0,434.0,1.0,3.6666666666666665,0.0,0,0.65,2024,16,Autodromo Nazionale di Monza,-1.0
RUS,Mercedes,7.0,3.0,2,Finished,,0,3.0,79.44,0.113,0.0,0.0,0.09299999999998931,0.019999999999999574,0.09499999999999886,0.05799999999999983,344.0,0.09299999999998931,0.347999999999999,0.18099999999999739,0.30700000000000216,0.18799999999999883,349.0,0.347999999999999,0.001,122.0,8.0,276.0,4.0,11.666666666666666,0.3333333333333333,0,0.65,2024,16,Autodromo Nazionale di Monza,4.0
PER,Red Bull,8.0,8.0,2,Finished,,0,8.0,80.062,0.735,0.4,0.0,1.1700000000000017,0.3619999999999983,0.5410000000000004,0.41999999999999815,347.0,0.9190000000000111,0.9399999999999977,0.36599999999999966,0.4239999999999995,0.45700000000000074,343.0,0.06799999999999784,1.151,139.0,7.0,434.0,1.0,6.666666666666667,0.0,0,0.65,2024,16,Autodromo Nazionale di Monza,0.0
ALB,Williams,9.0,9.0,1,Finished,,0,9.0,80.299,0.972,0.0,0.0,0.4789999999999992,0.038000000000000256,0.22799999999999798,0.36599999999999966,346.0,0.0,0.8539999999999992,0.259999999999998,0.5229999999999997,0.41100000000000136,353.0,0.0,0.46,4.0,18.0,4.0,9.0,13.333333333333334,0.0,0,0.65,2024,16,Autodromo Nazionale di Monza,0.0
MAG,Haas F1 Team,10.0,13.0,1,Finished,,0,13.0,80.698,1.371,0.359,0.0,1.090999999999994,0.04199999999999804,0.402000000000001,0.6189999999999998,348.0,0.26500000000000057,0.7609999999999957,0.36999999999999744,0.29299999999999926,0.43799999999999883,349.0,0.35899999999999466,0.891,5.0,16.0,27.0,7.0,15.666666666666666,0.0,0,0.65,2024,16,Autodromo Nazionale di Monza,-3.0
ALO,Aston Martin,11.0,11.0,2,Finished,,0,11.0,80.421,1.094,0.0,0.0,0.8509999999999991,0.2289999999999992,0.2759999999999998,0.4939999999999998,348.0,0.0,0.578000000000003,0.25099999999999767,0.2699999999999996,0.397000000000002,350.0,0.0,0.827,50.0,9.0,74.0,5.0,9.666666666666666,0.0,0,0.65,2024,16,Autodromo Nazionale di Monza,0.0
COL,Williams,12.0,18.0,1,Finished,,0,18.0,81.061,1.734,0.762,0.0,0.7879999999999967,0.17299999999999827,0.46000000000000085,0.34299999999999997,347.0,0.3089999999999975,1.0460000000000065,0.1839999999999975,0.48600000000000065,0.7070000000000007,353.0,0.19200000000000728,0.804,0.0,20.0,4.0,9.0,20.0,0.0,0,0.65,2024,16,Autodromo Nazionale di Monza,-6.0
RIC,RB F1 Team,13.0,12.0,1,Finished,,0,12.0,80.479,1.152,0.0,0.0,0.9599999999999937,0.375,0.3930000000000007,0.379999999999999,347.0,0.0,0.5619999999999976,0.17299999999999827,0.41100000000000136,0.3180000000000014,350.0,0.0,0.829,12.0,13.0,34.0,6.0,11.333333333333334,0.0,0,0.65,2024,16,Autodromo Nazionale di Monza,1.0
OCO,Alpine F1 Team,14.0,15.0,1,Lapped,,0,15.0,80.764,1.437,0.026,0.0,1.1409999999999911,0.17999999999999972,0.5530000000000008,0.49099999999999966,348.0,0.10299999999999443,1.1290000000000049,0.28800000000000026,0.5470000000000006,0.44200000000000017,347.0,0.04800000000000182,1.052,5.0,17.0,13.0,8.0,14.0,0.0,0,0.65,2024,16,Autodromo Nazionale di Monza,-1.0
GAS,Alpine F1 Team,15.0,14.0,2,Lapped,,0,14.0,80.738,1.411,0.0,0.0,1.0379999999999967,0.25,0.4969999999999999,0.4450000000000003,345.0,0.0,1.081000000000003,0.24099999999999966,0.5570000000000022,0.5339999999999989,344.0,0.0,1.02,8.0,14.0,13.0,8.0,14.0,0.3333333333333333,0,0.65,2024,16,Autodromo Nazionale di Monza,1.0
BOT,Kick Sauber,16.0,19.0,1,Lapped,,0,19.0,81.101,1.774,0.0,0.0,1.2399999999999949,0.19699999999999918,0.7390000000000008,0.4920000000000009,350.0,0.0,0.722999999999999,0.0779999999999994,0.4499999999999993,0.5350000000000001,349.0,0.0,1.117,0.0,21.0,0.0,10.0,16.666666666666668,0.0,0,0.65,2024,16,Autodromo Nazionale di Monza,-3.0
HUL,Haas F1 Team,17.0,10.0,2,Lapped,,0,10.0,80.339,1.012,0.0,0.0,0.8259999999999934,0.0,0.3260000000000005,0.3509999999999991,346.0,0.0,0.402000000000001,0.015999999999998238,0.33399999999999963,0.39199999999999946,347.0,0.0,0.505,22.0,11.0,27.0,7.0,14.0,0.0,0,0.65,2024,16,Autodromo Nazionale di Monza,7.0
ZHO,Kick Sauber,18.0,20.0,1,Lapped,,0,20.0,81.445,2.118,0.344,0.0,1.9179999999999922,0.375,0.8769999999999989,0.8539999999999992,347.0,0.6779999999999973,1.4849999999999994,0.39899999999999736,0.6090000000000018,0.8170000000000002,349.0,0.7620000000000005,1.88,0.0,19.0,0.0,10.0,19.333333333333332,0.3333333333333333,0,0.65,2024,16,Autodromo Nazionale di Monza,-2.0
STR,Aston Martin,19.0,17.0,3,Lapped,,0,17.0,81.013,1.686,0.592,0.0,1.039999999999992,0.17199999999999704,0.35800000000000054,0.5869999999999997,349.0,0.18899999999999295,0.625,0.07199999999999918,0.2690000000000019,0.6159999999999997,351.0,0.046999999999997044,0.9,24.0,10.0,74.0,5.0,11.333333333333334,0.0,0,0.65,2024,16,Autodromo Nazionale di Monza,2.0
TSU,RB F1 Team,20.0,16.0,1,Retired,DNF,1,16.0,80.945,1.618,0.466,0.0,1.024000000000001,0.19899999999999807,0.46699999999999875,0.5330000000000013,346.0,0.06400000000000716,0.9969999999999999,0.0990000000000002,0.6449999999999996,0.593,351.0,0.4350000000000023,0.982,22.0,12.0,34.0,6.0,14.0,0.0,0,0.65,2024,16,Autodromo Nazionale di Monza,4.0
PIA,McLaren,1.0,2.0,1,Finished,,0,2.0,101.686,0.321,0.0,0.0,0.23499999999999943,0.10600000000000165,0.14300000000000068,0.1980000000000004,319.0,0.012000000000000455,0.49900000000000944,0.30400000000000205,0.365000000000002,0.21999999999999886,321.0,0.0,0.187,197.0,4.0,438.0,2.0,2.6666666666666665,0.0,1,0.55,2024,17,Baku City Circuit,-1.0
LEC,Ferrari,2.0,1.0,1,Finished,,0,1.0,101.365,0.0,0.0,0.0,0.01300000000000523,0.0,0.14000000000000057,0.120000000000001,320.0,0.0,0.0,0.0,0.15400000000000347,0.23600000000000065,326.0,0.0,0.0,217.0,3.0,407.0,3.0,2.3333333333333335,0.0,1,0.55,2024,17,Baku City Circuit,1.0
RUS,Mercedes,3.0,5.0,1,Finished,,0,5.0,101.874,0.509,0.0,0.0,0.0,0.2010000000000005,0.06199999999999761,0.0,325.0,0.0,1.0520000000000067,0.49199999999999733,0.6330000000000027,0.31700000000000017,324.0,0.9860000000000042,0.003,128.0,8.0,292.0,4.0,11.333333333333334,0.3333333333333333,1,0.55,2024,17,Baku City Circuit,-2.0
NOR,McLaren,4.0,15.0,1,Finished,,0,15.0,103.609,2.244,1.923,-2.0,0.22299999999999898,0.2220000000000013,0.045999999999999375,0.21799999999999997,317.0,0.0,1.6720000000000113,0.11599999999999966,0.15100000000000335,0.6319999999999979,323.0,1.1730000000000018,0.226,241.0,2.0,438.0,2.0,3.0,0.0,1,0.55,2024,17,Baku City Circuit,-11.0
VER,Red Bull,5.0,6.0,2,Finished,,0,6.0,102.023,0.658,0.21,0.0,0.347999999999999,0.12899999999999778,0.0,0.4529999999999994,316.0,0.0,0.5450000000000017,0.07600000000000051,0.0,0.7240000000000002,316.0,0.5390000000000015,0.322,303.0,1.0,446.0,1.0,4.0,0.0,1,0.55,2024,17,Baku City Circuit,-1.0
ALO,Aston Martin,6.0,7.0,1,Finished,,0,7.0,102.369,1.004,0.0,-1.0,0.960000000000008,0.5320000000000036,0.6409999999999982,0.04100000000000037,324.0,0.0,1.1990000000000123,0.6820000000000022,0.7349999999999994,0.1720000000000006,324.0,0.5900000000000034,0.954,50.0,9.0,74.0,5.0,9.666666666666666,0.0,1,0.55,2024,17,Baku City Circuit,-1.0
ALB,Williams,7.0,9.0,1,Finished,,0,9.0,102.84,1.475,0.367,-1.0,0.6800000000000068,0.3019999999999996,0.269999999999996,0.1410000000000018,323.0,0.0,1.2530000000000001,0.6270000000000024,0.5330000000000013,0.2530000000000001,322.0,0.0,0.453,6.0,17.0,6.0,9.0,11.666666666666666,0.0,1,0.55,2024,17,Baku City Circuit,-2.0
COL,Williams,8.0,8.0,1,Finished,,0,8.0,102.473,1.108,0.0,-1.0,0.7240000000000038,0.578000000000003,0.26599999999999824,0.14300000000000068,324.0,0.04399999999999693,1.2650000000000006,0.8620000000000019,0.44300000000000495,0.34999999999999787,321.0,0.012000000000000455,0.727,0.0,21.0,6.0,9.0,12.0,0.0,1,0.55,2024,17,Baku City Circuit,0.0
HAM,Mercedes,9.0,19.0,2,Finished,,0,19.0,102.289,0.924,0.415,12.0,0.7870000000000061,0.4660000000000011,0.38299999999999557,0.2010000000000005,322.0,0.7870000000000061,0.0660000000000025,0.05100000000000193,0.16400000000000148,0.16499999999999915,333.0,0.0,0.756,164.0,6.0,292.0,4.0,4.666666666666667,0.0,1,0.55,2024,17,Baku City Circuit,-10.0
BEA,Haas F1 Team,10.0,10.0,1,Finished,,0,10.0,102.968,1.603,0.0,-1.0,0.755500000000005,0.4559999999999995,0.3264999999999958,0.19500000000000028,320.5,0.0,1.0630000000000024,0.3930000000000007,0.5150000000000006,0.3949999999999996,318.0,0.07200000000000273,1.886,6.0,15.0,28.0,7.0,20.0,0.0,1,0.55,2024,17,Baku City Circuit,0.0
HUL,Haas F1 Team,11.0,12.0,1,Finished,,0,12.0,103.101,1.736,0.133,-1.0,1.6500000000000057,0.44599999999999795,1.027000000000001,0.2980000000000018,321.0,0.0,0.9909999999999997,0.5090000000000003,0.4890000000000043,0.3829999999999991,318.0,0.0,1.329,22.0,11.0,28.0,7.0,15.333333333333334,0.0,1,0.55,2024,17,Baku City Circuit,-1.0
GAS,Alpine F1 Team,12.0,18.0,1,Finished,,0,18.0,103.179,1.814,0.0,4.0,1.362000000000009,0.5760000000000005,0.6849999999999952,0.36400000000000077,317.0,0.0,1.9070000000000107,0.8599999999999994,0.9510000000000005,0.44899999999999807,316.0,0.0,1.365,8.0,14.0,13.0,8.0,12.333333333333334,0.0,1,0.55,2024,17,Baku City Circuit,-6.0
RIC,RB F1 Team,13.0,14.0,1,Finished,,0,14.0,103.547,2.182,0.512,-2.0,1.3560000000000088,0.6019999999999968,0.8509999999999991,0.16600000000000037,321.0,0.36700000000000443,1.5720000000000027,0.9069999999999965,0.5150000000000006,0.5359999999999978,317.0,0.41100000000000136,1.359,12.0,13.0,34.0,6.0,11.666666666666666,0.0,1,0.55,2024,17,Baku City Circuit,-1.0
ZHO,Kick Sauber,14.0,17.0,1,Finished,,0,17.0,104.246,2.881,0.628,-2.0,2.355000000000004,0.8819999999999979,1.3230000000000004,0.41300000000000026,318.0,0.6820000000000022,2.463000000000008,0.7920000000000016,1.4790000000000063,0.32099999999999795,320.0,1.1620000000000061,2.358,0.0,19.0,0.0,10.0,19.0,0.3333333333333333,1,0.55,2024,17,Baku City Circuit,-3.0
OCO,Alpine F1 Team,15.0,20.0,2,Lapped,,0,20.0,104.504,3.139,1.325,0.0,0.755500000000005,0.4559999999999995,0.3264999999999958,0.19500000000000028,320.5,0.0,2.3260000000000076,1.0690000000000026,1.0050000000000026,0.49099999999999966,321.0,0.41899999999999693,3.148,5.0,18.0,13.0,8.0,12.666666666666666,0.0,1,0.55,2024,17,Baku City Circuit,-5.0
BOT,Kick Sauber,16.0,16.0,1,Lapped,,0,16.0,103.618,2.253,0.0,-2.0,1.6730000000000018,0.5339999999999989,1.0120000000000005,0.39000000000000057,319.0,0.0,1.301000000000002,0.33200000000000074,0.8900000000000006,0.4690000000000012,318.0,0.0,1.676,0.0,22.0,0.0,10.0,16.666666666666668,0.0,1,0.55,2024,17,Baku City Circuit,0.0
PER,Red Bull,17.0,4.0,1,Retired,DNF,1,4.0,101.813,0.448,0.0,0.0,0.5100000000000051,0.2680000000000007,0.10699999999999932,0.3450000000000024,317.0,0.16200000000000614,0.006000000000000227,0.015999999999998238,0.05000000000000426,0.3299999999999983,320.0,0.0,0.46,143.0,7.0,446.0,1.0,7.0,0.0,1,0.55,2024,17,Baku City Circuit,13.0
SAI,Ferrari,18.0,3.0,1,Retired,DNF,1,3.0,101.805,0.44,0.44,0.0,0.45400000000000773,0.21099999999999852,0.1629999999999967,0.19200000000000017,320.0,0.4410000000000025,0.4660000000000082,0.11399999999999721,0.3990000000000009,0.34299999999999997,319.0,0.4660000000000082,0.306,184.0,5.0,407.0,3.0,5.0,0.0,1,0.55,2024,17,Baku City Circuit,15.0
STR,Aston Martin,19.0,13.0,2,Retired,DNF,1,13.0,103.37,2.005,1.001,-2.0,1.0570000000000022,0.5330000000000013,0.6499999999999986,0.08099999999999952,326.0,0.0969999999999942,0.6090000000000089,0.5200000000000031,0.4790000000000063,0.0,325.0,0.0,1.004,24.0,10.0,74.0,5.0,14.333333333333334,0.0,1,0.55,2024,17,Baku City Circuit,6.0
TSU,RB F1 Team,20.0,11.0,1,Retired,DNF,1,11.0,103.035,1.67,0.0,-1.0,0.9890000000000043,0.6139999999999972,0.4339999999999975,0.1180000000000021,324.0,0.0,1.1610000000000014,0.49099999999999966,0.5320000000000036,0.5279999999999987,318.0,0.0,0.906,22.0,12.0,34.0,6.0,17.666666666666668,0.3333333333333333,1,0.55,2024,17,Baku City Circuit,9.0
NOR,McLaren,1.0,1.0,1,Finished,,0,1.0,89.525,0.0,0.0,0.0,0.0,0.0,0.0,0.0,303.0,0.0,0.0,0.02400000000000091,0.014000000000002899,0.0,302.0,0.0,0.0,254.0,2.0,0.0,10.0,2.0,0.0,0,0.5,2024,18,Unknown,0.0
VER,Red Bull,2.0,2.0,1,Finished,,0,2.0,89.68,0.155,0.0,-1.0,0.8940000000000055,0.30900000000000105,0.34900000000000375,0.19399999999999906,301.0,0.0,1.293999999999997,0.3490000000000002,0.44600000000000506,0.5279999999999987,300.0,0.4230000000000018,0.852,313.0,1.0,0.0,10.0,4.0,0.0,0,0.5,2024,18,Unknown,0.0
PIA,McLaren,3.0,5.0,1,Finished,,0,5.0,89.64,0.115,0.115,3.0,0.7849999999999966,0.20199999999999818,0.48499999999999943,0.09799999999999898,302.0,0.7849999999999966,0.7469999999999999,0.060000000000002274,0.347999999999999,0.3769999999999989,300.0,0.7469999999999999,0.785,222.0,4.0,0.0,10.0,3.0,0.0,0,0.5,2024,18,Unknown,-2.0
RUS,Mercedes,4.0,4.0,1,Finished,,0,4.0,89.867,0.342,0.026,-2.0,0.4789999999999992,0.129999999999999,0.20300000000000296,0.14599999999999724,302.0,0.0,0.7609999999999957,0.23500000000000298,0.18200000000000216,0.38200000000000145,298.0,0.0,0.479,143.0,7.0,0.0,10.0,7.0,0.0,0,0.5,2024,18,Unknown,0.0
LEC,Ferrari,5.0,9.0,1,Finished,,0,9.0,89.747,0.222,0.0,5.0,0.9129999999999967,0.31400000000000006,0.31400000000000006,0.27199999999999847,301.0,0.0,0.057999999999992724,0.0,0.0,0.004999999999999005,301.0,0.0,0.869,235.0,3.0,0.0,10.0,2.0,0.0,0,0.5,2024,18,Unknown,-4.0
HAM,Mercedes,6.0,3.0,1,Finished,,0,3.0,89.841,0.316,0.0,-2.0,1.2180000000000035,0.38400000000000034,0.5410000000000039,0.19599999999999795,304.0,0.7390000000000043,0.9819999999999993,0.30900000000000105,0.2989999999999995,0.41199999999999903,302.0,0.22100000000000364,1.121,166.0,6.0,0.0,10.0,6.5,0.0,0,0.5,2024,18,Unknown,3.0
SAI,Ferrari,7.0,10.0,1,Finished,,0,10.0,90.108,0.583,0.361,3.0,1.1610000000000014,0.3309999999999995,0.5630000000000024,0.26699999999999946,300.0,0.24800000000000466,0.6289999999999907,0.08000000000000185,0.27900000000000347,0.30799999999999983,301.0,0.570999999999998,1.161,184.0,5.0,0.0,10.0,4.5,0.0,0,0.5,2024,18,Unknown,-3.0
ALO,Aston Martin,8.0,7.0,1,Lapped,,0,7.0,90.214,0.689,0.0,-2.0,1.4359999999999928,0.29799999999999827,0.7680000000000007,0.34299999999999997,303.0,0.0,1.0229999999999961,0.18200000000000216,0.4690000000000012,0.40800000000000125,302.0,0.0,1.409,58.0,9.0,0.0,10.0,10.5,0.0,0,0.5,2024,18,Unknown,1.0
HUL,Haas F1 Team,9.0,6.0,1,Lapped,,0,6.0,90.115,0.59,0.0,-2.0,1.5409999999999968,0.43900000000000006,0.7109999999999985,0.3299999999999983,302.0,0.0,0.9399999999999977,0.2740000000000009,0.3689999999999998,0.33500000000000085,302.0,0.0,1.48,22.0,11.0,0.0,10.0,14.0,0.0,0,0.5,2024,18,Unknown,3.0
PER,Red Bull,10.0,13.0,1,Lapped,,0,13.0,90.579,1.054,0.899,0.0,1.793999999999997,0.5869999999999997,0.6170000000000044,0.509999999999998,301.0,0.8999999999999915,0.8709999999999951,0.20400000000000063,0.44300000000000495,0.26200000000000045,301.0,0.0,1.614,143.0,8.0,0.0,10.0,7.0,0.0,0,0.5,2024,18,Unknown,-3.0
COL,Williams,11.0,12.0,1,Lapped,,0,12.0,90.481,0.956,0.007,0.0,1.3430000000000035,0.33800000000000097,0.4160000000000039,0.34499999999999886,301.0,0.04000000000000625,1.3299999999999983,0.3210000000000015,0.5130000000000052,0.29499999999999815,301.0,0.4069999999999965,1.099,4.0,19.0,0.0,10.0,12.0,0.0,0,0.5,2024,18,Unknown,-1.0
TSU,RB F1 Team,12.0,8.0,1,Lapped,,0,8.0,90.289,0.764,0.0,-2.0,1.4680000000000035,0.4710000000000001,0.5489999999999995,0.44799999999999685,298.0,0.0,0.7409999999999997,0.1700000000000017,0.2959999999999994,0.31299999999999883,298.0,0.0,1.45,22.0,12.0,0.0,10.0,18.5,0.5,0,0.5,2024,18,Unknown,4.0
OCO,Alpine F1 Team,13.0,15.0,1,Lapped,,0,15.0,90.769,1.244,0.0,0.0,1.9129999999999967,0.5440000000000005,0.9260000000000019,0.44299999999999784,301.0,0.19199999999999307,1.391999999999996,0.40300000000000225,0.6039999999999992,0.3780000000000001,300.0,0.0,1.913,5.0,18.0,0.0,10.0,14.5,0.0,0,0.5,2024,18,Unknown,-2.0
STR,Aston Martin,14.0,17.0,1,Lapped,,0,17.0,91.094,1.569,0.88,0.0,2.0729999999999933,0.48300000000000054,0.9200000000000017,0.6269999999999989,302.0,0.6370000000000005,1.2299999999999898,0.272000000000002,0.4930000000000021,0.46799999999999997,301.0,0.20699999999999363,2.03,24.0,10.0,0.0,10.0,16.0,0.0,0,0.5,2024,18,Unknown,-3.0
ZHO,Kick Sauber,15.0,20.0,1,Lapped,,0,20.0,92.054,2.529,0.482,0.0,3.0060000000000002,0.8230000000000004,1.1880000000000024,0.9089999999999989,297.0,0.554000000000002,1.6319999999999908,0.4170000000000016,0.6730000000000018,0.5799999999999983,297.0,0.0,2.713,0.0,20.0,0.0,10.0,19.0,0.0,0,0.5,2024,18,Unknown,-5.0
BOT,Kick Sauber,16.0,19.0,1,Lapped,,0,19.0,91.572,2.047,0.0,0.0,2.451999999999998,0.6609999999999978,1.1069999999999993,0.6839999999999975,299.0,0.0,2.0589999999999975,0.4170000000000016,0.9830000000000041,0.6969999999999992,297.0,0.4270000000000067,2.452,0.0,22.0,0.0,10.0,17.5,0.0,0,0.5,2024,18,Unknown,-3.0
GAS,Alpine F1 Team,17.0,18.0,1,Lapped,,0,18.0,91.312,1.787,0.543,0.0,1.7210000000000036,0.6989999999999981,0.7370000000000019,0.28500000000000014,302.0,0.0,1.4949999999999903,0.40500000000000114,0.5640000000000001,0.44899999999999807,298.0,0.10299999999999443,1.627,8.0,15.0,0.0,10.0,12.0,0.0,0,0.5,2024,18,Unknown,-1.0
RIC,RB F1 Team,18.0,16.0,3,Lapped,,0,16.0,91.085,1.56,0.796,0.0,1.9150000000000063,0.5829999999999984,0.8410000000000011,0.44499999999999673,296.0,0.44700000000000273,0.7509999999999906,0.16400000000000148,0.20000000000000284,0.4250000000000007,297.0,0.009999999999990905,1.571,12.0,14.0,0.0,10.0,12.5,0.0,0,0.5,2024,18,Unknown,2.0
MAG,Haas F1 Team,19.0,14.0,2,Retired,DNF,1,14.0,90.653,1.128,0.538,0.0,1.6189999999999998,0.48799999999999955,0.6880000000000024,0.44299999999999784,304.0,0.07800000000000296,1.0660000000000025,0.1930000000000014,0.375,0.4190000000000005,302.0,0.12600000000000477,1.607,6.0,17.0,0.0,10.0,14.0,0.0,0,0.5,2024,18,Unknown,5.0
ALB,Williams,20.0,11.0,1,Retired,DNF,1,11.0,90.474,0.949,0.0,0.0,1.3029999999999973,0.36299999999999955,0.5230000000000032,0.3829999999999991,302.0,0.0,0.9230000000000018,0.23300000000000054,0.33100000000000307,0.3509999999999991,300.0,0.0,1.269,12.0,13.0,0.0,10.0,11.5,0.0,0,0.5,2024,18,Unknown,9.0
LEC,Ferrari,1.0,4.0,1,Finished,,0,4.0,92.74,0.41,0.088,0.0,,,,,,,,,,,,,0.0,245.0,3.0,441.0,3.0,2.6666666666666665,0.0,0,0.6,2024,19,Circuit of the Americas,-3.0
SAI,Ferrari,2.0,3.0,1,Finished,,0,3.0,92.652,0.322,0.0,0.0,,,,,,,,,,,,,0.125,190.0,5.0,441.0,3.0,9.666666666666666,0.3333333333333333,0,0.6,2024,19,Circuit of the Americas,-1.0
VER,Red Bull,3.0,2.0,1,Finished,,0,2.0,92.361,0.031,0.0,0.0,,,,,,,,,,,,,0.175,331.0,1.0,475.0,2.0,4.333333333333333,0.0,0,0.6,2024,19,Circuit of the Americas,1.0
NOR,McLaren,4.0,1.0,1,Finished,,0,1.0,92.33,0.0,0.0,0.0,,,,,,,,,,,,,0.391,279.0,2.0,516.0,1.0,2.6666666666666665,0.0,0,0.6,2024,19,Circuit of the Americas,3.0
PIA,McLaren,5.0,5.0,1,Finished,,0,5.0,92.95,0.62,0.62,0.0,,,,,,,,,,,,,0.431,237.0,4.0,516.0,1.0,2.0,0.0,0,0.6,2024,19,Circuit of the Americas,0.0
RUS,Mercedes,6.0,20.0,2,Finished,,0,20.0,92.974,0.644,0.0,14.0,,,,,,,,,,,,,0.519,155.0,7.0,329.0,4.0,4.666666666666667,0.0,0,0.6,2024,19,Circuit of the Americas,-14.0
PER,Red Bull,7.0,9.0,1,Finished,,0,9.0,93.02,0.69,0.659,1.0,,,,,,,,,,,,,1.075,144.0,8.0,475.0,2.0,11.666666666666666,0.3333333333333333,0,0.6,2024,19,Circuit of the Americas,-2.0
HUL,Haas F1 Team,8.0,11.0,1,Finished,,0,11.0,93.544,1.214,0.07,-2.0,,,,,,,,,,,,,0.887,24.0,10.0,31.0,7.0,12.333333333333334,0.0,0,0.6,2024,19,Circuit of the Americas,-3.0
LAW,RB F1 Team,9.0,19.0,1,Finished,,0,19.0,93.339,1.009,0.0,9.0,,,,,,,,,,,,,0.804,0.0,20.0,34.0,6.0,20.0,0.0,0,0.6,2024,19,Circuit of the Americas,-10.0
COL,Williams,10.0,15.0,1,Finished,,0,15.0,94.062,1.732,0.011,-2.0,,,,,,,,,,,,,1.771,4.0,19.0,16.0,8.0,10.333333333333334,0.0,0,0.6,2024,19,Circuit of the Americas,-5.0
MAG,Haas F1 Team,11.0,8.0,2,Finished,,0,8.0,93.474,1.144,0.0,-3.0,,,,,,,,,,,,,0.619,6.0,17.0,31.0,7.0,14.5,0.5,0,0.6,2024,19,Circuit of the Americas,3.0
GAS,Alpine F1 Team,12.0,6.0,1,Finished,,0,6.0,93.018,0.688,0.0,-1.0,,,,,,,,,,,,,0.898,8.0,15.0,13.0,9.0,14.666666666666666,0.0,0,0.6,2024,19,Circuit of the Americas,6.0
ALO,Aston Martin,13.0,7.0,1,Lapped,,0,7.0,93.309,0.979,0.0,-2.0,,,,,,,,,,,,,0.635,62.0,9.0,86.0,5.0,8.333333333333334,0.0,0,0.6,2024,19,Circuit of the Americas,6.0
TSU,RB F1 Team,14.0,10.0,1,Lapped,,0,10.0,93.506,1.176,0.167,-2.0,,,,,,,,,,,,,0.836,22.0,12.0,34.0,6.0,17.333333333333332,0.6666666666666666,0,0.6,2024,19,Circuit of the Americas,4.0
STR,Aston Martin,15.0,13.0,1,Lapped,,0,13.0,93.759,1.429,0.45,-2.0,,,,,,,,,,,,,1.142,24.0,11.0,86.0,5.0,17.333333333333332,0.3333333333333333,0,0.6,2024,19,Circuit of the Americas,2.0
ALB,Williams,16.0,14.0,2,Lapped,,0,14.0,94.051,1.721,0.0,-2.0,,,,,,,,,,,,,1.141,12.0,13.0,16.0,8.0,12.0,0.3333333333333333,0,0.6,2024,19,Circuit of the Americas,2.0
BOT,Kick Sauber,17.0,16.0,1,Lapped,,0,16.0,94.152,1.822,0.0,-2.0,,,,,,,,,,,,,1.564,0.0,22.0,0.0,10.0,16.0,0.0,0,0.6,2024,19,Circuit of the Americas,1.0
OCO,Alpine F1 Team,18.0,12.0,2,Lapped,,0,12.0,93.597,1.267,0.579,-2.0,,,,,,,,,,,,,1.132,5.0,18.0,13.0,9.0,14.0,0.0,0,0.6,2024,19,Circuit of the Americas,6.0
ZHO,Kick Sauber,19.0,18.0,2,Lapped,,0,18.0,94.228,1.898,0.076,-2.0,,,,,,,,,,,,,3.742,0.0,20.0,0.0,10.0,15.666666666666666,0.0,0,0.6,2024,19,Circuit of the Americas,1.0
HAM,Mercedes,20.0,17.0,1,Retired,DNF,1,17.0,94.154,1.824,1.18,-2.0,,,,,,,,,,,,,0.486,174.0,6.0,329.0,4.0,6.666666666666667,0.0,0,0.6,2024,19,Circuit of the Americas,3.0
SAI,Ferrari,1.0,1.0,1,Finished,,0,1.0,75.946,0.0,0.0,0.0,0.3399999999999892,0.0,0.30900000000000105,0.16600000000000037,349.0,0.0,0.0,0.0,0.1819999999999986,0.2729999999999997,354.0,0.0,0.34,215.0,5.0,496.0,3.0,9.0,0.3333333333333333,0,0.55,2024,20,Autódromo Hermanos Rodríguez,0.0
NOR,McLaren,2.0,3.0,1,Finished,,0,3.0,76.26,0.314,0.0,0.0,0.0589999999999975,0.1509999999999998,0.0,0.04299999999999926,342.0,0.0589999999999975,0.24899999999999523,0.35800000000000054,0.24899999999999878,0.0,341.0,0.07099999999999795,0.059,297.0,2.0,544.0,1.0,3.0,0.0,0,0.55,2024,20,Autódromo Hermanos Rodríguez,-1.0
LEC,Ferrari,3.0,4.0,2,Finished,,0,4.0,76.265,0.319,0.319,0.0,0.7399999999999949,0.08999999999999986,0.28500000000000014,0.2569999999999979,349.0,0.4000000000000057,0.1880000000000024,0.022999999999999687,0.16599999999999682,0.40000000000000213,353.0,0.1880000000000024,0.497,275.0,3.0,496.0,3.0,2.6666666666666665,0.0,0,0.55,2024,20,Autódromo Hermanos Rodríguez,-1.0
HAM,Mercedes,4.0,6.0,1,Finished,,0,6.0,76.651,0.705,0.295,0.0,0.5679999999999978,0.05600000000000094,0.3710000000000022,0.2759999999999998,349.0,0.0,0.5799999999999983,0.23400000000000176,0.36999999999999744,0.4559999999999995,356.0,0.0,0.568,177.0,6.0,344.0,4.0,11.666666666666666,0.3333333333333333,0,0.55,2024,20,Autódromo Hermanos Rodríguez,-2.0
RUS,Mercedes,5.0,5.0,1,Finished,,0,5.0,76.356,0.41,0.0,0.0,0.8489999999999895,0.08000000000000185,0.4250000000000007,0.39199999999999946,348.0,0.2809999999999917,1.3419999999999987,0.41199999999999903,0.5,0.9190000000000005,348.0,0.7620000000000005,0.762,167.0,7.0,344.0,4.0,4.333333333333333,0.0,0,0.55,2024,20,Autódromo Hermanos Rodríguez,0.0
VER,Red Bull,6.0,2.0,1,Finished,,0,2.0,76.171,0.225,0.0,0.0,0.5109999999999957,0.13299999999999912,0.11400000000000077,0.27099999999999724,346.0,0.0,0.777000000000001,0.4039999999999999,0.36699999999999733,0.42650000000000077,347.0,0.0,0.383,354.0,1.0,504.0,2.0,3.3333333333333335,0.0,0,0.55,2024,20,Autódromo Hermanos Rodríguez,4.0
MAG,Haas F1 Team,7.0,7.0,1,Finished,,0,7.0,76.886,0.94,0.0,0.0,0.9819999999999993,0.09700000000000131,0.3569999999999993,0.4839999999999982,348.0,0.0,0.5400000000000063,0.3550000000000004,0.28999999999999915,0.38400000000000034,349.0,0.0,0.803,8.0,15.0,38.0,6.0,15.0,0.5,0,0.55,2024,20,Autódromo Hermanos Rodríguez,0.0
PIA,McLaren,8.0,17.0,1,Finished,,0,17.0,77.597,1.651,1.337,0.0,0.0,0.0779999999999994,0.05700000000000216,0.0,346.0,0.0,0.17799999999999727,0.49599999999999866,0.0,0.16600000000000037,342.0,0.0,0.0,247.0,4.0,544.0,1.0,3.0,0.0,0,0.55,2024,20,Autódromo Hermanos Rodríguez,-9.0
HUL,Haas F1 Team,9.0,10.0,1,Lapped,,0,10.0,76.995,1.049,0.109,0.0,1.3269999999999982,0.05799999999999983,0.2870000000000026,0.44899999999999807,348.0,0.34499999999999886,0.921999999999997,0.3949999999999996,0.41000000000000014,0.6060000000000016,348.0,0.3819999999999908,0.659,29.0,10.0,38.0,6.0,9.333333333333334,0.0,0,0.55,2024,20,Autódromo Hermanos Rodríguez,-1.0
GAS,Alpine F1 Team,10.0,8.0,1,Lapped,,0,8.0,76.892,0.946,0.0,0.0,1.961999999999989,0.4039999999999999,0.7119999999999997,0.46999999999999886,347.0,0.12999999999999545,1.242999999999995,0.5240000000000009,0.6579999999999977,0.5500000000000007,347.0,0.28599999999998715,1.451,8.0,16.0,13.0,9.0,13.666666666666666,0.0,0,0.55,2024,20,Autódromo Hermanos Rodríguez,2.0
STR,Aston Martin,11.0,14.0,1,Lapped,,0,14.0,77.294,1.348,0.126,0.0,1.4080000000000013,0.40800000000000125,0.6410000000000018,0.40700000000000003,349.0,0.10200000000000387,1.1910000000000025,0.5569999999999986,0.5589999999999975,0.5640000000000001,345.0,0.31100000000000705,1.321,24.0,11.0,86.0,5.0,16.0,0.3333333333333333,0,0.55,2024,20,Autódromo Hermanos Rodríguez,-3.0
COL,Williams,12.0,16.0,1,Lapped,,0,16.0,77.558,1.612,0.57,0.0,1.2199999999999989,0.40700000000000003,0.5150000000000006,0.4319999999999986,343.0,0.20100000000000762,1.2090000000000032,0.5360000000000014,0.29399999999999693,0.5399999999999991,344.0,0.0,1.219,5.0,18.0,17.0,8.0,9.666666666666666,0.0,0,0.55,2024,20,Autódromo Hermanos Rodríguez,-4.0
OCO,Alpine F1 Team,13.0,0.0,2,Lapped,,0,0.0,77.617,1.671,0.725,-19.0,1.8319999999999936,0.495000000000001,0.6859999999999999,0.541999999999998,344.0,0.0,0.9570000000000078,0.3960000000000008,0.509999999999998,0.4220000000000006,350.0,0.0,1.588,5.0,19.0,13.0,9.0,15.333333333333334,0.0,0,0.55,2024,20,Autódromo Hermanos Rodríguez,13.0
BOT,Kick Sauber,14.0,15.0,1,Lapped,,0,15.0,77.393,1.447,0.0,0.0,1.1469999999999914,0.2430000000000021,0.5850000000000009,0.4540000000000006,340.0,0.0,0.652000000000001,0.21000000000000085,0.3639999999999972,0.3620000000000019,345.0,0.0,1.147,0.0,23.0,0.0,10.0,16.333333333333332,0.0,0,0.55,2024,20,Autódromo Hermanos Rodríguez,-1.0
ZHO,Kick Sauber,15.0,19.0,1,Lapped,,0,19.0,78.072,2.126,0.679,-1.0,1.9359999999999928,0.6110000000000007,0.9009999999999998,0.4469999999999992,341.0,0.7890000000000015,1.281000000000006,0.41600000000000037,0.6689999999999969,0.6850000000000023,345.0,0.6290000000000049,1.824,0.0,21.0,0.0,10.0,16.0,0.0,0,0.55,2024,20,Autódromo Hermanos Rodríguez,-4.0
LAW,RB F1 Team,16.0,12.0,2,Lapped,,0,12.0,77.162,1.216,0.033,0.0,1.0019999999999953,0.37900000000000134,0.4180000000000028,0.33999999999999986,342.0,0.19199999999999307,0.8610000000000042,0.5410000000000004,0.3780000000000001,0.43100000000000094,343.0,0.6820000000000022,1.002,2.0,20.0,36.0,7.0,9.0,0.0,0,0.55,2024,20,Autódromo Hermanos Rodríguez,4.0
PER,Red Bull,17.0,18.0,3,Lapped,,0,18.0,77.611,1.665,1.44,0.0,1.2950000000000017,0.33399999999999963,0.35300000000000153,0.5189999999999984,347.0,0.784000000000006,0.6929999999999978,0.43799999999999883,0.14499999999999957,0.5570000000000022,347.0,0.0,1.071,150.0,8.0,504.0,2.0,11.333333333333334,0.3333333333333333,0,0.55,2024,20,Autódromo Hermanos Rodríguez,-1.0
ALO,Aston Martin,18.0,13.0,1,Retired,DNF,1,13.0,77.168,1.222,0.0,0.0,1.3059999999999974,0.30100000000000193,0.3309999999999995,0.375,348.0,0.0,0.8799999999999955,0.4660000000000011,0.4059999999999988,0.3240000000000016,347.0,0.0,0.872,62.0,9.0,86.0,5.0,9.0,0.0,0,0.55,2024,20,Autódromo Hermanos Rodríguez,5.0
ALB,Williams,19.0,9.0,1,Retired,DNF,1,9.0,76.988,1.042,0.0,0.0,1.0189999999999912,0.5180000000000007,0.3420000000000023,0.2940000000000005,345.0,0.0,0.777000000000001,0.4039999999999999,0.36699999999999733,0.42650000000000077,347.0,0.0,1.019,12.0,13.0,17.0,8.0,14.333333333333334,0.3333333333333333,0,0.55,2024,20,Autódromo Hermanos Rodríguez,10.0
TSU,RB F1 Team,20.0,11.0,1,Retired,DNF,1,11.0,77.129,1.183,0.0,0.0,0.8100000000000023,0.29100000000000037,0.31700000000000017,0.25900000000000034,341.0,0.0,0.17900000000000205,0.20500000000000185,0.06299999999999883,0.40000000000000213,346.0,0.0,0.732,22.0,12.0,36.0,7.0,15.333333333333334,0.3333333333333333,0,0.55,2024,20,Autódromo Hermanos Rodríguez,9.0
VER,Red Bull,1.0,17.0,1,Finished,,0,17.0,87.771,4.366,0.0,6.0,,,,,,,,,,,,,1.167,362.0,1.0,0.0,10.0,3.6666666666666665,0.0,0,0.5,2024,21,Unknown,-16.0
OCO,Alpine F1 Team,2.0,4.0,1,Finished,,0,4.0,84.475,1.07,0.0,0.0,,,,,,,,,,,,,1.265,5.0,19.0,0.0,10.0,14.666666666666666,0.0,0,0.5,2024,21,Unknown,-2.0
GAS,Alpine F1 Team,3.0,13.0,1,Finished,,0,13.0,89.42,6.015,4.945,-2.0,,,,,,,,,,,,,0.577,9.0,16.0,0.0,10.0,13.0,0.0,0,0.5,2024,21,Unknown,-10.0
RUS,Mercedes,4.0,2.0,2,Finished,,0,2.0,83.578,0.173,0.0,0.0,,,,,,,,,,,,,0.246,177.0,7.0,0.0,10.0,5.0,0.0,0,0.5,2024,21,Unknown,2.0
LEC,Ferrari,5.0,6.0,2,Finished,,0,6.0,84.525,1.12,0.0,0.0,,,,,,,,,,,,,0.362,291.0,3.0,0.0,10.0,3.0,0.0,0,0.5,2024,21,Unknown,-1.0
NOR,McLaren,6.0,1.0,2,Finished,,0,1.0,83.405,0.0,0.0,0.0,,,,,,,,,,,,,0.0,315.0,2.0,0.0,10.0,2.3333333333333335,0.0,0,0.5,2024,21,Unknown,5.0
TSU,RB F1 Team,7.0,3.0,2,Finished,,0,3.0,84.111,0.706,0.0,0.0,,,,,,,,,,,,,0.938,22.0,12.0,0.0,10.0,15.333333333333334,0.3333333333333333,0,0.5,2024,21,Unknown,4.0
PIA,McLaren,8.0,8.0,2,Finished,,0,8.0,84.686,1.281,1.281,0.0,,,,,,,,,,,,,0.325,251.0,4.0,0.0,10.0,5.333333333333333,0.0,0,0.5,2024,21,Unknown,0.0
LAW,RB F1 Team,9.0,5.0,2,Finished,,0,5.0,84.484,1.079,0.373,0.0,,,,,,,,,,,,,0.756,2.0,20.0,0.0,10.0,12.5,0.0,0,0.5,2024,21,Unknown,4.0
HAM,Mercedes,10.0,14.0,2,Finished,,0,14.0,91.15,7.745,7.572,-2.0,,,,,,,,,,,,,1.209,189.0,6.0,0.0,10.0,10.0,0.3333333333333333,0,0.5,2024,21,Unknown,-4.0
PER,Red Bull,11.0,12.0,2,Finished,,0,12.0,88.158,4.753,0.387,0.0,,,,,,,,,,,,,1.3,150.0,8.0,0.0,10.0,11.333333333333334,0.0,0,0.5,2024,21,Unknown,-1.0
BEA,Haas F1 Team,12.0,15.0,2,Finished,,0,15.0,91.229,7.824,0.0,-2.0,,,,,,,,,,,,,0.26,7.0,17.0,0.0,10.0,20.0,0.0,0,0.5,2024,21,Unknown,-3.0
BOT,Kick Sauber,13.0,11.0,1,Finished,,0,11.0,86.472,3.067,0.0,1.0,,,,,,,,,,,,,1.106,0.0,23.0,0.0,10.0,15.666666666666666,0.0,0,0.5,2024,21,Unknown,2.0
ALO,Aston Martin,14.0,9.0,2,Finished,,0,9.0,88.998,5.593,2.664,-4.0,,,,,,,,,,,,,0.67,62.0,9.0,0.0,10.0,13.0,0.3333333333333333,0,0.5,2024,21,Unknown,5.0
ZHO,Kick Sauber,15.0,19.0,4,Finished,,0,19.0,92.263,8.858,5.791,-1.0,,,,,,,,,,,,,2.04,0.0,21.0,0.0,10.0,16.333333333333332,0.0,0,0.5,2024,21,Unknown,-4.0
SAI,Ferrari,16.0,20.0,3,Retired,DNF,1,20.0,89.406,6.001,4.881,6.0,,,,,,,,,,,,,0.447,240.0,5.0,0.0,10.0,3.3333333333333335,0.0,0,0.5,2024,21,Unknown,-4.0
COL,Williams,17.0,16.0,1,Retired,DNF,1,16.0,91.27,7.865,6.613,-2.0,,,,,,,,,,,,,1.074,5.0,18.0,0.0,10.0,11.0,0.0,0,0.5,2024,21,Unknown,1.0
ALB,Williams,18.0,7.0,1,Did not start,DNS,1,7.0,84.657,1.252,0.0,0.0,,,,,,,,,,,,,0.41,12.0,14.0,0.0,10.0,18.333333333333332,0.6666666666666666,0,0.5,2024,21,Unknown,11.0
STR,Aston Martin,19.0,10.0,1,Did not start,DNS,1,10.0,86.334,2.929,0.0,1.0,,,,,,,,,,,,,1.238,24.0,11.0,0.0,10.0,13.333333333333334,0.0,0,0.5,2024,21,Unknown,9.0
HUL,Haas F1 Team,20.0,18.0,3,Disqualified,DSQ,1,18.0,91.623,8.218,0.394,-1.0,,,,,,,,,,,,,0.527,31.0,10.0,0.0,10.0,8.666666666666666,0.0,0,0.5,2024,21,Unknown,2.0
RUS,Mercedes,1.0,1.0,2,Finished,,0,1.0,92.312,0.0,0.0,0.0,0.0,0.0,0.0,0.1390000000000029,341.0,0.0,0.18999999999999773,0.0,0.1180000000000021,0.2020000000000053,339.0,0.18999999999999773,0.0,192.0,6.0,382.0,4.0,5.5,0.0,0,0.5,2024,22,Unknown,0.0
HAM,Mercedes,2.0,10.0,2,Finished,,0,10.0,92.567,0.255,0.255,7.0,0.7710000000000008,0.19200000000000017,0.23600000000000065,0.37599999999999767,344.0,0.7710000000000008,0.0,0.120000000000001,0.12600000000000122,0.036000000000001364,340.0,0.0,0.262,190.0,7.0,382.0,4.0,12.0,0.5,0,0.5,2024,22,Unknown,-8.0
SAI,Ferrari,3.0,2.0,2,Finished,,0,2.0,92.41,0.098,0.0,0.0,0.3480000000000132,0.352999999999998,0.0,0.13400000000000034,342.0,0.0,0.28000000000000114,0.3670000000000009,0.19500000000000028,0.0,335.0,0.0,0.355,244.0,5.0,557.0,2.0,1.5,0.0,0,0.5,2024,22,Unknown,1.0
LEC,Ferrari,4.0,4.0,2,Finished,,0,4.0,92.783,0.471,0.373,-1.0,1.3710000000000093,0.2799999999999976,0.2959999999999994,0.5009999999999977,344.0,1.0229999999999961,0.48799999999999955,0.2959999999999994,0.19700000000000273,0.14800000000000324,338.0,0.2079999999999984,0.612,307.0,3.0,557.0,2.0,2.0,0.0,0,0.5,2024,22,Unknown,0.0
VER,Red Bull,5.0,5.0,2,Finished,,0,5.0,92.797,0.485,0.0,-1.0,0.5670000000000073,0.2029999999999994,0.018000000000000682,0.48499999999999943,335.0,0.0,2.0090000000000003,0.8389999999999986,0.6739999999999995,0.6780000000000044,344.0,0.0,0.574,393.0,1.0,544.0,3.0,4.5,0.0,0,0.5,2024,22,Unknown,0.0
NOR,McLaren,6.0,6.0,3,Finished,,0,6.0,93.008,0.696,0.0,-1.0,0.4380000000000024,0.3509999999999991,0.1479999999999997,0.07800000000000296,348.0,0.22299999999999898,0.01099999999999568,0.23700000000000188,0.0,0.05600000000000449,344.0,0.0,0.102,331.0,2.0,593.0,1.0,3.0,0.0,0,0.5,2024,22,Unknown,0.0
PIA,McLaren,7.0,8.0,2,Finished,,0,8.0,93.024,0.712,0.016,0.0,0.2150000000000034,0.2560000000000002,0.09799999999999898,0.0,351.0,0.0,0.972999999999999,0.3249999999999993,0.3990000000000009,0.25800000000000267,344.0,0.9620000000000033,0.222,262.0,4.0,593.0,1.0,6.5,0.0,0,0.5,2024,22,Unknown,-1.0
HUL,Haas F1 Team,8.0,9.0,2,Finished,,0,9.0,93.062,0.75,0.0,-1.0,1.338000000000008,0.2749999999999986,0.022999999999999687,0.4070000000000036,343.0,0.025000000000005684,0.992999999999995,0.38500000000000156,0.28800000000000026,0.6020000000000039,333.0,0.1319999999999908,0.573,31.0,10.0,46.0,7.0,8.5,0.0,0,0.5,2024,22,Unknown,-1.0
TSU,RB F1 Team,9.0,7.0,2,Finished,,0,7.0,93.029,0.717,0.0,-2.0,2.6450000000000102,0.945999999999998,0.7690000000000019,0.9770000000000039,346.0,0.0,1.171999999999997,0.620000000000001,0.42600000000000193,0.40800000000000125,339.0,0.0,1.434,28.0,11.0,44.0,8.0,17.0,0.5,0,0.5,2024,22,Unknown,2.0
PER,Red Bull,10.0,15.0,2,Finished,,0,15.0,94.155,1.843,1.358,-1.0,1.4910000000000139,0.8179999999999978,0.2270000000000003,0.5290000000000035,347.0,0.9240000000000066,2.230000000000004,0.6939999999999991,0.6080000000000005,0.8400000000000034,339.0,0.22100000000000364,1.311,151.0,8.0,544.0,3.0,12.0,0.0,0,0.5,2024,22,Unknown,-5.0
ALO,Aston Martin,11.0,16.0,2,Finished,,0,16.0,94.258,1.946,0.0,-1.0,2.368000000000009,0.6229999999999976,0.2959999999999994,0.7430000000000021,330.0,0.0,1.6149999999999949,0.402000000000001,0.6900000000000013,0.6540000000000035,334.0,0.18899999999999295,1.302,62.0,9.0,86.0,5.0,15.5,0.5,0,0.5,2024,22,Unknown,-5.0
MAG,Haas F1 Team,12.0,12.0,1,Finished,,0,12.0,93.297,0.985,0.235,0.0,1.3130000000000024,0.3049999999999997,0.14000000000000057,0.5949999999999989,340.0,0.0,0.8610000000000042,0.2699999999999996,0.26699999999999946,0.5700000000000003,337.0,0.0,0.866,14.0,15.0,46.0,7.0,9.0,0.0,0,0.5,2024,22,Unknown,0.0
ZHO,Kick Sauber,13.0,13.0,2,Finished,,0,13.0,93.566,1.254,0.0,0.0,3.4180000000000064,0.8909999999999982,1.1650000000000027,1.2560000000000002,307.0,0.5759999999999934,1.9399999999999977,0.5410000000000004,0.9399999999999977,0.7409999999999997,323.0,0.7450000000000045,2.202,0.0,21.0,0.0,10.0,17.0,0.0,0,0.5,2024,22,Unknown,0.0
COL,Williams,14.0,20.0,3,Finished,,0,20.0,93.746,1.434,0.0,6.0,1.1530000000000058,0.42499999999999716,0.41199999999999903,0.4160000000000039,344.0,0.3160000000000025,2.042999999999992,0.7710000000000008,0.5690000000000026,0.7330000000000041,336.0,0.0,1.121,5.0,19.0,17.0,9.0,11.0,0.0,0,0.5,2024,22,Unknown,-6.0
STR,Aston Martin,15.0,18.0,2,Finished,,0,18.0,94.484,2.172,0.226,-2.0,3.3800000000000097,1.1409999999999982,1.3150000000000013,1.0630000000000024,342.0,1.0120000000000005,1.426000000000002,0.5569999999999986,0.46300000000000097,0.6810000000000045,341.0,0.0,1.681,24.0,13.0,86.0,5.0,13.0,0.0,0,0.5,2024,22,Unknown,-3.0
LAW,RB F1 Team,16.0,14.0,2,Finished,,0,14.0,94.087,1.775,1.058,-1.0,2.9740000000000038,0.7899999999999991,0.21099999999999852,1.1640000000000015,340.0,0.3289999999999935,1.8460000000000036,0.7890000000000015,0.5,0.7850000000000037,340.0,0.6740000000000066,1.839,4.0,20.0,44.0,8.0,12.5,0.0,0,0.5,2024,22,Unknown,2.0
OCO,Alpine F1 Team,17.0,11.0,3,Lapped,,0,11.0,93.221,0.909,0.557,0.0,1.8900000000000006,0.625,0.36799999999999855,0.5700000000000003,342.0,0.5549999999999926,1.3960000000000008,0.7390000000000008,0.679000000000002,0.17800000000000438,347.0,0.5700000000000074,1.232,23.0,14.0,49.0,6.0,15.5,0.0,0,0.5,2024,22,Unknown,6.0
BOT,Kick Sauber,18.0,19.0,2,Lapped,,0,19.0,94.43,2.118,0.864,0.0,2.842000000000013,0.4989999999999988,0.5069999999999979,0.8170000000000002,333.0,0.0,1.1949999999999932,0.4710000000000001,0.4430000000000014,0.4410000000000025,330.0,0.0,1.335,0.0,23.0,0.0,10.0,15.5,0.0,0,0.5,2024,22,Unknown,-1.0
ALB,Williams,19.0,17.0,1,Retired,DNF,1,17.0,94.425,2.113,0.679,-1.0,0.8370000000000033,0.39299999999999713,0.254999999999999,0.32800000000000296,348.0,0.0,5.804000000000002,2.280000000000001,2.228999999999999,1.5770000000000053,295.0,3.76100000000001,0.844,12.0,16.0,17.0,9.0,17.5,0.5,0,0.5,2024,22,Unknown,2.0
GAS,Alpine F1 Team,20.0,3.0,1,Retired,DNF,1,3.0,92.664,0.352,0.0,-1.0,1.335000000000008,0.5769999999999982,0.14499999999999957,0.5799999999999983,342.0,0.0,0.8259999999999934,0.4969999999999999,0.4269999999999996,0.1840000000000046,350.0,0.0,0.88,26.0,12.0,49.0,6.0,11.0,0.0,0,0.5,2024,22,Unknown,17.0
VER,Red Bull,1.0,2.0,3,Finished,,0,2.0,80.52,0.0,0.0,1.0,,,,,,,,,,,,,1.259,403.0,1.0,0.0,10.0,4.0,0.0,0,0.5,2024,23,Losail International Circuit,-1.0
LEC,Ferrari,2.0,5.0,3,Finished,,0,5.0,80.852,0.332,0.0,0.0,,,,,,,,,,,,,0.0,319.0,3.0,0.0,10.0,4.0,0.0,0,0.5,2024,23,Losail International Circuit,-3.0
PIA,McLaren,3.0,4.0,3,Finished,,0,4.0,80.829,0.309,0.057,0.0,,,,,,,,,,,,,0.472,268.0,4.0,0.0,10.0,7.666666666666667,0.0,0,0.5,2024,23,Losail International Circuit,-1.0
RUS,Mercedes,4.0,1.0,4,Finished,,0,1.0,80.575,0.055,0.0,-1.0,,,,,,,,,,,,,1.207,217.0,6.0,0.0,10.0,3.3333333333333335,0.0,0,0.5,2024,23,Losail International Circuit,3.0
GAS,Alpine F1 Team,5.0,11.0,3,Finished,,0,11.0,81.437,0.917,0.0,0.0,,,,,,,,,,,,,1.538,26.0,12.0,0.0,10.0,11.0,0.3333333333333333,0,0.5,2024,23,Losail International Circuit,-6.0
SAI,Ferrari,6.0,7.0,3,Finished,,0,7.0,81.041,0.521,0.189,0.0,,,,,,,,,,,,,0.582,259.0,5.0,0.0,10.0,6.666666666666667,0.3333333333333333,0,0.5,2024,23,Losail International Circuit,-1.0
ALO,Aston Martin,7.0,8.0,3,Finished,,0,8.0,81.208,0.688,0.0,0.0,,,,,,,,,,,,,1.274,62.0,9.0,0.0,10.0,14.333333333333334,0.3333333333333333,0,0.5,2024,23,Losail International Circuit,-1.0
ZHO,Kick Sauber,8.0,12.0,3,Finished,,0,12.0,81.501,0.981,0.0,0.0,,,,,,,,,,,,,1.824,0.0,21.0,0.0,10.0,14.333333333333334,0.0,0,0.5,2024,23,Losail International Circuit,-4.0
MAG,Haas F1 Team,9.0,10.0,3,Finished,,0,10.0,81.387,0.867,0.0,1.0,,,,,,,,,,,,,1.614,14.0,15.0,0.0,10.0,9.5,0.0,0,0.5,2024,23,Losail International Circuit,-1.0
NOR,McLaren,10.0,3.0,4,Finished,,0,3.0,80.772,0.252,0.0,0.0,,,,,,,,,,,,,0.425,340.0,2.0,0.0,10.0,4.666666666666667,0.0,0,0.5,2024,23,Losail International Circuit,7.0
BOT,Kick Sauber,11.0,13.0,3,Finished,,0,13.0,81.731,1.211,0.23,0.0,,,,,,,,,,,,,1.097,0.0,23.0,0.0,10.0,15.0,0.0,0,0.5,2024,23,Losail International Circuit,-2.0
HAM,Mercedes,12.0,6.0,4,Finished,,0,6.0,81.011,0.491,0.436,0.0,,,,,,,,,,,,,1.235,208.0,7.0,0.0,10.0,5.333333333333333,0.0,0,0.5,2024,23,Losail International Circuit,6.0
TSU,RB F1 Team,13.0,14.0,4,Finished,,0,14.0,81.771,1.251,0.0,0.0,,,,,,,,,,,,,1.092,30.0,11.0,0.0,10.0,12.0,0.3333333333333333,0,0.5,2024,23,Losail International Circuit,-1.0
LAW,RB F1 Team,14.0,17.0,4,Finished,,0,17.0,82.411,1.891,0.64,0.0,,,,,,,,,,,,,1.497,4.0,20.0,0.0,10.0,13.666666666666666,0.0,0,0.5,2024,23,Losail International Circuit,-3.0
ALB,Williams,15.0,16.0,4,Lapped,,0,16.0,82.39,1.87,0.0,0.0,,,,,,,,,,,,,1.119,12.0,16.0,0.0,10.0,18.666666666666668,0.6666666666666666,0,0.5,2024,23,Losail International Circuit,-1.0
HUL,Haas F1 Team,16.0,18.0,4,Retired,DNF,1,18.0,82.442,1.922,1.055,0.0,,,,,,,,,,,,,1.175,35.0,10.0,0.0,10.0,12.333333333333334,0.3333333333333333,0,0.5,2024,23,Losail International Circuit,-2.0
PER,Red Bull,17.0,9.0,3,Retired,DNF,1,9.0,81.425,0.905,0.905,-1.0,,,,,,,,,,,,,1.892,152.0,8.0,0.0,10.0,12.666666666666666,0.0,0,0.5,2024,23,Losail International Circuit,8.0
STR,Aston Martin,18.0,15.0,2,Retired,DNF,1,15.0,81.911,1.391,0.703,0.0,,,,,,,,,,,,,1.146,24.0,13.0,0.0,10.0,15.0,0.0,0,0.5,2024,23,Losail International Circuit,3.0
COL,Williams,19.0,19.0,1,Retired,DNF,1,19.0,82.594,2.074,0.204,0.0,,,,,,,,,,,,,2.247,5.0,19.0,0.0,10.0,14.333333333333334,0.3333333333333333,0,0.5,2024,23,Losail International Circuit,0.0
OCO,Alpine F1 Team,20.0,20.0,1,Retired,DNF,1,20.0,82.714,2.194,1.277,0.0,,,,,,,,,,,,,2.327,23.0,14.0,0.0,10.0,10.666666666666666,0.0,0,0.5,2024,23,Losail International Circuit,0.0
NOR,McLaren,1.0,1.0,1,Finished,,0,1.0,82.595,0.0,0.0,0.0,0.19299999999999784,0.028999999999999915,0.21399999999999864,0.10600000000000165,323.0,0.19299999999999784,0.0,0.0,0.0,0.0,322.0,0.0,0.144,0.0,20.0,0.0,10.0,7.333333333333333,0.0,0,0.5,2024,24,Unknown,0.0
SAI,Ferrari,2.0,3.0,1,Finished,,0,3.0,82.824,0.229,0.0,0.0,0.4379999999999882,0.13800000000000168,0.0,0.30400000000000205,326.0,0.0,0.5820000000000078,0.22600000000000264,0.16900000000000404,0.18700000000000117,325.0,0.0,0.434,0.0,20.0,0.0,10.0,8.333333333333334,0.3333333333333333,0,0.5,2024,24,Unknown,-1.0
LEC,Ferrari,3.0,19.0,1,Finished,,0,19.0,83.302,0.707,0.478,8.0,0.664999999999992,0.21600000000000108,0.21000000000000085,0.3730000000000011,325.0,0.22700000000000387,0.6839999999999975,0.25900000000000034,0.16499999999999915,0.2010000000000005,327.0,0.10199999999998965,0.791,0.0,20.0,0.0,10.0,3.6666666666666665,0.0,0,0.5,2024,24,Unknown,-16.0
HAM,Mercedes,4.0,16.0,1,Finished,,0,16.0,83.887,1.292,0.755,-2.0,0.38999999999998636,0.07600000000000051,0.11200000000000188,0.35800000000000054,328.0,0.0,0.6020000000000039,0.12900000000000134,0.06300000000000239,0.23300000000000054,326.0,0.0,0.538,0.0,20.0,0.0,10.0,8.0,0.0,0,0.5,2024,24,Unknown,-12.0
RUS,Mercedes,5.0,6.0,1,Finished,,0,6.0,83.132,0.537,0.0,-1.0,0.6419999999999959,0.09199999999999875,0.2890000000000015,0.4039999999999999,325.0,0.25200000000000955,1.0170000000000101,0.18500000000000227,0.4410000000000025,0.3910000000000018,324.0,0.41500000000000625,0.777,0.0,20.0,0.0,10.0,3.0,0.0,0,0.5,2024,24,Unknown,-1.0
VER,Red Bull,6.0,4.0,1,Finished,,0,4.0,82.945,0.35,0.0,-1.0,0.41099999999998715,0.14499999999999957,0.14300000000000068,0.2789999999999999,330.0,0.0,1.081000000000003,0.2960000000000029,0.33899999999999864,0.4460000000000015,329.0,0.042999999999992156,0.559,0.0,20.0,0.0,10.0,2.3333333333333335,0.0,0,0.5,2024,24,Unknown,2.0
GAS,Alpine F1 Team,7.0,5.0,1,Finished,,0,5.0,82.984,0.389,0.0,-1.0,0.9749999999999943,0.15700000000000003,0.39399999999999835,0.4660000000000011,327.0,0.0,1.0,0.43599999999999994,0.2150000000000034,0.3490000000000002,326.0,0.0,0.906,0.0,20.0,0.0,10.0,9.333333333333334,0.3333333333333333,0,0.5,2024,24,Unknown,2.0
HUL,Haas F1 Team,8.0,7.0,1,Finished,,0,7.0,82.886,0.291,0.0,3.0,0.6599999999999966,0.21999999999999886,0.0660000000000025,0.5300000000000011,330.0,0.0,0.4620000000000033,0.2840000000000025,0.05100000000000193,0.07000000000000028,328.0,0.0,0.542,0.0,20.0,0.0,10.0,14.666666666666666,0.6666666666666666,0,0.5,2024,24,Unknown,1.0
ALO,Aston Martin,9.0,8.0,2,Finished,,0,8.0,83.196,0.601,0.0,0.0,1.019999999999996,0.1559999999999988,0.34199999999999875,0.6780000000000008,328.0,0.0,1.0570000000000022,0.23300000000000054,0.17300000000000182,0.5150000000000006,330.0,0.0,1.075,0.0,20.0,0.0,10.0,10.666666666666666,0.0,0,0.5,2024,24,Unknown,1.0
PIA,McLaren,10.0,2.0,2,Finished,,0,2.0,82.804,0.209,0.209,0.0,0.0,0.0,0.008000000000002672,0.0,327.0,0.0,0.23400000000000887,0.13500000000000156,0.03800000000000381,0.004000000000001336,325.0,0.23400000000000887,0.0,0.0,20.0,0.0,10.0,6.0,0.0,0,0.5,2024,24,Unknown,8.0
ALB,Williams,11.0,18.0,1,Lapped,,0,18.0,83.821,1.226,0.0,2.0,0.9449999999999932,0.125,0.29299999999999926,0.6829999999999998,326.0,0.0,0.7520000000000095,0.19200000000000017,0.21000000000000085,0.3500000000000014,325.0,0.0,0.947,0.0,20.0,0.0,10.0,17.333333333333332,0.3333333333333333,0,0.5,2024,24,Unknown,-7.0
TSU,RB F1 Team,12.0,11.0,1,Lapped,,0,11.0,83.419,0.824,0.0,-1.0,0.9099999999999966,0.24200000000000088,0.23400000000000176,0.5899999999999999,330.0,0.0,0.980000000000004,0.3440000000000012,0.15500000000000114,0.44700000000000273,327.0,0.0,1.055,0.0,20.0,0.0,10.0,9.666666666666666,0.0,0,0.5,2024,24,Unknown,1.0
ZHO,Kick Sauber,13.0,15.0,2,Lapped,,0,15.0,83.88,1.285,0.676,-2.0,1.2349999999999994,0.3249999999999993,0.3580000000000041,0.7070000000000007,332.0,0.18900000000000716,1.0400000000000063,0.36599999999999966,0.37700000000000244,0.2970000000000006,329.0,0.3269999999999982,1.166,0.0,20.0,0.0,10.0,12.0,0.0,0,0.5,2024,24,Unknown,-2.0
STR,Aston Martin,14.0,13.0,2,Lapped,,0,13.0,83.729,1.134,0.533,-2.0,1.097999999999999,0.2630000000000017,0.15700000000000358,0.6829999999999998,330.0,0.07800000000000296,1.1690000000000111,0.18500000000000227,0.23700000000000188,0.703000000000003,328.0,0.11200000000000898,0.987,0.0,20.0,0.0,10.0,17.333333333333332,0.3333333333333333,0,0.5,2024,24,Unknown,1.0
DOO,Alpine F1 Team,15.0,17.0,1,Lapped,,0,17.0,84.105,1.51,1.121,-3.0,1.0009999999999906,0.2029999999999994,0.3760000000000048,0.5300000000000011,327.0,0.02599999999999625,1.4440000000000026,0.35700000000000287,0.5330000000000013,0.5480000000000018,324.0,0.4440000000000026,1.101,0.0,20.0,0.0,10.0,20.0,0.0,0,0.5,2024,24,Unknown,-2.0
MAG,Haas F1 Team,16.0,14.0,4,Lapped,,0,14.0,83.632,1.037,0.746,0.0,0.6609999999999872,0.20400000000000063,0.08899999999999864,0.38700000000000045,329.0,0.000999999999990564,0.7180000000000035,0.2680000000000007,0.1039999999999992,0.3460000000000001,328.0,0.2560000000000002,0.672,0.0,20.0,0.0,10.0,10.5,0.0,0,0.5,2024,24,Unknown,2.0
LAW,RB F1 Team,17.0,12.0,3,Retired,DNF,1,12.0,83.472,0.877,0.053,-1.0,1.0859999999999985,0.2839999999999989,0.32500000000000284,0.583000000000002,329.0,0.17600000000000193,0.9860000000000042,0.3019999999999996,0.34900000000000375,0.33500000000000085,330.0,0.006000000000000227,1.118,0.0,20.0,0.0,10.0,13.0,0.0,0,0.5,2024,24,Unknown,5.0
BOT,Kick Sauber,18.0,9.0,1,Retired,DNF,1,9.0,83.204,0.609,0.0,0.0,1.0459999999999923,0.28999999999999915,0.392000000000003,0.5079999999999991,328.0,0.0,0.7130000000000081,0.272000000000002,0.05700000000000216,0.24399999999999977,331.0,0.0,0.805,0.0,20.0,0.0,10.0,14.0,0.0,0,0.5,2024,24,Unknown,9.0
COL,Williams,19.0,20.0,1,Retired,DNF,1,20.0,83.912,1.317,0.091,1.0,1.3329999999999984,0.2759999999999998,0.17500000000000426,0.8309999999999995,330.0,0.38800000000000523,1.7480000000000047,0.18400000000000105,0.07600000000000051,0.6320000000000014,327.0,0.9959999999999951,1.124,0.0,20.0,0.0,10.0,16.666666666666668,0.6666666666666666,0,0.5,2024,24,Unknown,-1.0
PER,Red Bull,20.0,10.0,1,Retired,DNF,1,10.0,83.264,0.669,0.319,0.0,0.8499999999999943,0.19000000000000128,0.21000000000000085,0.4789999999999992,331.0,0.43900000000000716,1.038000000000011,0.30700000000000216,0.45600000000000307,0.18299999999999983,325.0,0.0,0.769,0.0,20.0,0.0,10.0,12.666666666666666,0.3333333333333333,0,0.5,2024,24,Unknown,10.0
VER,Red Bull,1.0,1.0,1,Finished,,0,1.0,86.983,0.0,0.0,0.0,0.5319999999999965,0.28000000000000114,0.31400000000000006,0.1180000000000021,291.0,0.0,0.5559999999999974,0.11399999999999721,0.554000000000002,0.2759999999999998,308.0,0.0,0.826,36.0,2.0,36.0,3.0,2.0,0.0,0,0.5,2025,3,Unknown,0.0
NOR,McLaren,2.0,2.0,1,Finished,,0,2.0,86.995,0.012,0.0,0.0,0.0,0.0,0.09300000000000352,0.11600000000000321,299.0,0.0,0.04899999999999238,0.06899999999999906,0.0,0.0,308.0,0.04899999999999238,0.0,44.0,1.0,78.0,1.0,1.0,0.0,0,0.5,2025,3,Unknown,0.0
PIA,McLaren,3.0,3.0,1,Finished,,0,3.0,87.027,0.044,0.032,0.0,0.02599999999999625,0.060000000000002274,0.11299999999999955,0.0,297.0,0.02599999999999625,0.0,0.08999999999999986,0.14300000000000068,0.15500000000000114,307.0,0.0,0.324,34.0,4.0,78.0,1.0,9.0,0.0,0,0.5,2025,3,Unknown,0.0
LEC,Ferrari,4.0,4.0,1,Finished,,0,4.0,87.299,0.316,0.0,0.0,0.44899999999999807,0.15600000000000236,0.3570000000000064,0.11000000000000298,300.0,0.0,0.4719999999999942,0.0,0.3990000000000009,0.3099999999999987,306.0,0.04200000000000159,0.766,8.0,10.0,17.0,5.0,8.0,0.0,0,0.5,2025,3,Unknown,0.0
RUS,Mercedes,5.0,5.0,1,Finished,,0,5.0,87.318,0.335,0.0,0.0,0.11199999999999477,0.21100000000000207,0.0,0.13500000000000156,295.0,0.0,0.45299999999998875,0.027999999999998693,0.5189999999999984,0.2940000000000005,308.0,0.0,0.462,35.0,3.0,57.0,2.0,3.0,0.0,0,0.5,2025,3,Unknown,0.0
ANT,Mercedes,6.0,6.0,1,Finished,,0,6.0,87.555,0.572,0.237,0.0,1.1610000000000014,0.7100000000000009,0.5150000000000006,0.1700000000000017,296.0,1.0490000000000066,1.6189999999999998,0.8449999999999989,1.041000000000004,0.12099999999999866,309.0,1.166000000000011,1.373,22.0,5.0,57.0,2.0,4.0,0.0,0,0.5,2025,3,Unknown,0.0
HAM,Ferrari,7.0,8.0,1,Finished,,0,8.0,87.61,0.627,0.311,0.0,0.5589999999999975,0.2010000000000005,0.39700000000000557,0.10700000000000287,297.0,0.10999999999999943,0.4299999999999926,0.13599999999999923,0.4200000000000017,0.26200000000000045,309.0,0.0,0.849,9.0,9.0,17.0,5.0,10.0,0.0,0,0.5,2025,3,Unknown,-1.0
HAD,Racing Bulls,8.0,7.0,1,Finished,,0,7.0,87.569,0.586,0.0,0.0,0.820999999999998,0.6129999999999995,0.23500000000000654,0.20700000000000074,295.0,0.0,0.40399999999999636,0.08799999999999741,0.4939999999999998,0.21000000000000085,306.0,0.0,0.711,0.0,16.0,0.0,10.0,20.0,1.0,0,0.5,2025,3,Unknown,1.0
ALB,Williams,9.0,9.0,1,Finished,,0,9.0,87.615,0.632,0.0,0.0,0.5889999999999986,0.43700000000000117,0.21700000000000585,0.16900000000000048,303.0,0.0,0.9089999999999918,0.384999999999998,0.5090000000000003,0.4029999999999987,305.0,0.1910000000000025,0.975,16.0,6.0,17.0,4.0,5.0,0.0,0,0.5,2025,3,Unknown,0.0
BEA,Haas F1 Team,10.0,10.0,1,Finished,,0,10.0,87.711,0.728,0.0,0.0,2.1189999999999998,1.0630000000000024,0.7930000000000064,0.4969999999999999,292.0,0.0,1.539999999999992,0.7679999999999971,0.7530000000000001,0.38500000000000156,308.0,0.14699999999999136,2.036,4.0,12.0,14.0,6.0,14.0,0.0,0,0.5,2025,3,Unknown,0.0
ALO,Aston Martin,11.0,12.0,1,Finished,,0,12.0,87.897,0.914,0.0,-1.0,1.8070000000000022,0.8670000000000009,0.8700000000000045,0.30400000000000205,298.0,0.0,1.86399999999999,0.5640000000000001,0.9810000000000016,0.7070000000000007,302.0,0.0,1.574,0.0,99.0,10.0,7.0,17.0,1.0,0,0.5,2025,3,Unknown,-1.0
TSU,Red Bull,12.0,14.0,1,Finished,,0,14.0,87.967,0.984,0.984,-1.0,0.8199999999999932,0.38700000000000045,0.47700000000000387,0.19000000000000128,292.0,0.2879999999999967,2.5109999999999957,1.0139999999999993,1.3960000000000008,0.48900000000000077,302.0,1.9549999999999983,1.163,3.0,13.0,36.0,3.0,12.0,0.0,0,0.5,2025,3,Unknown,-2.0
GAS,Alpine F1 Team,13.0,11.0,1,Finished,,0,11.0,87.822,0.839,0.0,0.0,0.637999999999991,0.41100000000000136,0.3440000000000012,0.11700000000000088,296.0,0.0,0.6430000000000007,0.10699999999999932,0.588000000000001,0.2220000000000013,312.0,0.0,0.851,0.0,15.0,0.0,10.0,11.0,0.0,0,0.5,2025,3,Unknown,2.0
SAI,Williams,14.0,15.0,1,Finished,,0,15.0,87.836,0.853,0.221,3.0,0.8810000000000002,0.5779999999999994,0.43900000000000006,0.09800000000000253,298.0,0.2920000000000016,0.7179999999999893,0.22100000000000009,0.6080000000000041,0.277000000000001,306.0,0.0,1.025,1.0,14.0,17.0,4.0,18.0,1.0,0,0.5,2025,3,Unknown,-1.0
DOO,Alpine F1 Team,15.0,19.0,1,Finished,,0,19.0,88.877,1.894,1.055,0.0,1.8019999999999925,0.7759999999999998,0.8590000000000018,0.4009999999999998,295.0,1.1640000000000015,3.5450000000000017,1.218,2.039999999999999,0.6750000000000007,303.0,2.902000000000001,2.188,0.0,18.0,0.0,10.0,19.0,1.0,0,0.5,2025,3,Unknown,-4.0
HUL,Kick Sauber,16.0,16.0,1,Finished,,0,16.0,88.57,1.587,0.0,0.0,2.6559999999999917,1.3870000000000005,1.0360000000000014,0.4670000000000023,296.0,0.48699999999999477,0.9479999999999933,0.36499999999999844,0.6799999999999997,0.29100000000000037,305.0,0.0,1.483,6.0,11.0,6.0,8.0,7.0,0.0,0,0.5,2025,3,Unknown,0.0
LAW,Racing Bulls,17.0,13.0,1,Finished,,0,13.0,87.906,0.923,0.337,-1.0,1.1389999999999958,0.7140000000000022,0.5130000000000052,0.1460000000000008,297.0,0.31799999999999784,0.4449999999999932,0.2959999999999994,0.21699999999999875,0.3200000000000003,306.0,0.04099999999999682,0.927,0.0,17.0,0.0,10.0,15.0,1.0,0,0.5,2025,3,Unknown,4.0
OCO,Haas F1 Team,18.0,18.0,1,Finished,,0,18.0,88.696,1.713,0.985,0.0,2.2180000000000035,1.0980000000000025,0.8770000000000024,0.4770000000000003,295.0,0.09900000000000375,1.3930000000000007,0.6499999999999986,0.7370000000000019,0.3940000000000019,307.0,0.0,1.928,10.0,7.0,14.0,6.0,13.0,0.0,0,0.5,2025,3,Unknown,0.0
BOR,Kick Sauber,19.0,17.0,1,Finished,,0,17.0,88.622,1.639,0.052,0.0,2.168999999999997,1.1410000000000018,0.7820000000000036,0.4800000000000004,292.0,0.0,1.2209999999999894,0.5269999999999975,0.6660000000000039,0.41600000000000037,305.0,0.27299999999999613,1.756,0.0,19.0,6.0,8.0,16.0,1.0,0,0.5,2025,3,Unknown,2.0
STR,Aston Martin,20.0,20.0,2,Lapped,,0,20.0,89.271,2.288,1.374,0.0,2.3019999999999925,0.8710000000000022,1.0760000000000005,0.37900000000000134,296.0,0.49499999999999034,2.7309999999999945,0.8499999999999979,1.625,0.6440000000000019,303.0,0.8670000000000044,2.0,10.0,8.0,10.0,7.0,6.0,0.0,0,0.5,2025,3,Unknown,0.0
PIA,McLaren,1.0,1.0,2,Finished,,0,1.0,89.841,0.0,0.0,0.0,0.0,0.0,0.0,0.0,315.0,0.0,0.0,0.2220000000000013,0.0,0.0,320.0,0.0,0.0,49.0,3.0,111.0,1.0,9.0,0.0,0,0.5,2025,4,Unknown,0.0
RUS,Mercedes,2.0,3.0,2,Finished,,0,3.0,90.009,0.168,0.0,1.0,1.1809999999999974,0.43000000000000327,0.5989999999999966,0.15200000000000102,318.0,0.0,0.527000000000001,0.0,0.7090000000000032,0.03999999999999915,325.0,0.0,0.527,45.0,4.0,75.0,2.0,3.0,0.0,0,0.5,2025,4,Unknown,-1.0
NOR,McLaren,3.0,6.0,2,Finished,,0,6.0,90.267,0.426,0.426,0.0,0.6679999999999922,0.2480000000000011,0.2049999999999983,0.21499999999999986,313.0,0.6679999999999922,0.15400000000001057,0.1460000000000008,0.009000000000000341,0.22100000000000009,322.0,0.15400000000001057,0.154,62.0,1.0,111.0,1.0,1.0,0.0,0,0.5,2025,4,Unknown,-3.0
LEC,Ferrari,4.0,2.0,2,Finished,,0,2.0,90.175,0.334,0.0,-1.0,0.8340000000000032,0.24900000000000233,0.4199999999999946,0.16499999999999915,318.0,0.0,0.5400000000000063,0.21000000000000085,0.3269999999999982,0.1559999999999988,329.0,0.0,0.471,20.0,6.0,35.0,4.0,8.0,0.0,0,0.5,2025,4,Unknown,2.0
HAM,Ferrari,5.0,9.0,2,Finished,,0,9.0,90.772,0.931,0.597,0.0,1.4650000000000034,0.532,0.5519999999999996,0.31200000000000117,318.0,0.6310000000000002,1.070999999999998,0.09100000000000108,0.25900000000000034,0.3719999999999999,326.0,0.5309999999999917,0.5,15.0,8.0,35.0,4.0,10.0,0.0,0,0.5,2025,4,Unknown,-4.0
VER,Red Bull,6.0,7.0,2,Finished,,0,7.0,90.423,0.582,0.0,0.0,1.3810000000000002,0.4140000000000015,0.5529999999999973,0.4140000000000015,315.0,0.0,0.8250000000000028,0.17099999999999937,0.4280000000000044,0.4480000000000004,323.0,0.0,0.825,61.0,2.0,61.0,3.0,2.0,0.0,0,0.5,2025,4,Unknown,-1.0
GAS,Alpine F1 Team,7.0,4.0,2,Finished,,0,4.0,90.216,0.375,0.0,-1.0,1.328000000000003,0.485000000000003,0.4480000000000004,0.25400000000000134,319.0,0.0,1.4420000000000073,0.4380000000000024,0.7049999999999983,0.5210000000000008,326.0,0.15900000000000603,1.442,0.0,16.0,0.0,10.0,11.0,0.0,0,0.5,2025,4,Unknown,3.0
OCO,Haas F1 Team,8.0,14.0,2,Finished,,0,14.0,91.594,1.753,0.0,1.0,1.593999999999994,0.4740000000000002,0.695999999999998,0.4239999999999995,316.0,0.0,1.365000000000009,0.5060000000000002,0.7820000000000036,0.2989999999999995,318.0,0.28600000000000136,1.365,10.0,9.0,15.0,6.0,13.0,0.0,0,0.5,2025,4,Unknown,-6.0
TSU,Red Bull,9.0,10.0,2,Finished,,0,10.0,91.228,1.387,0.805,0.0,3.3190000000000026,1.0620000000000012,1.6729999999999947,0.5839999999999996,316.0,1.9380000000000024,1.5190000000000055,0.47600000000000264,0.7650000000000006,0.5,326.0,0.6940000000000026,1.519,3.0,14.0,61.0,3.0,12.0,0.0,0,0.5,2025,4,Unknown,-1.0
BEA,Haas F1 Team,10.0,20.0,2,Finished,,0,20.0,92.373,2.532,0.779,0.0,2.688999999999993,0.6800000000000033,1.0959999999999965,0.9130000000000003,319.0,1.0949999999999989,1.0790000000000077,0.24900000000000233,0.6480000000000032,0.4039999999999999,330.0,0.0,1.079,5.0,12.0,15.0,6.0,14.0,0.0,0,0.5,2025,4,Unknown,-10.0
ANT,Mercedes,11.0,5.0,3,Finished,,0,5.0,90.213,0.372,0.204,1.0,1.269999999999996,0.18300000000000338,0.8279999999999959,0.25900000000000034,319.0,0.08899999999999864,0.7220000000000084,0.4640000000000022,0.4680000000000035,0.012000000000000455,325.0,0.1950000000000074,0.722,30.0,5.0,75.0,2.0,4.0,0.0,0,0.5,2025,4,Unknown,6.0
ALB,Williams,12.0,15.0,2,Finished,,0,15.0,92.04,2.199,1.36,0.0,2.1069999999999993,0.402000000000001,1.0349999999999966,0.5180000000000007,316.0,0.6610000000000014,1.1910000000000025,0.38200000000000145,0.5630000000000024,0.46799999999999997,321.0,0.07299999999999329,1.191,18.0,7.0,19.0,5.0,5.0,0.0,0,0.5,2025,4,Unknown,-3.0
HAD,Racing Bulls,13.0,12.0,2,Finished,,0,12.0,91.271,1.43,0.0,0.0,1.3769999999999953,0.360000000000003,0.7239999999999966,0.29299999999999926,320.0,0.0,0.7330000000000041,0.22600000000000264,0.4609999999999985,0.2680000000000007,326.0,0.0,0.733,4.0,13.0,0.0,10.0,20.0,1.0,0,0.5,2025,4,Unknown,1.0
DOO,Alpine F1 Team,14.0,11.0,2,Finished,,0,11.0,91.245,1.404,1.029,0.0,1.7009999999999934,0.35700000000000287,0.7669999999999959,0.2630000000000017,320.0,0.37299999999999045,1.2830000000000013,0.45700000000000074,0.6210000000000022,0.4269999999999996,325.0,0.0,1.283,0.0,19.0,0.0,10.0,19.0,1.0,0,0.5,2025,4,Unknown,3.0
ALO,Aston Martin,15.0,13.0,2,Finished,,0,13.0,91.634,1.793,0.0,-1.0,1.902000000000001,0.5040000000000013,0.6759999999999948,0.629999999999999,319.0,0.0,1.3200000000000074,0.36100000000000065,0.757000000000005,0.4239999999999995,321.0,0.0,1.32,0.0,17.0,10.0,7.0,17.0,1.0,0,0.5,2025,4,Unknown,2.0
LAW,Racing Bulls,16.0,17.0,2,Finished,,0,17.0,92.165,2.324,0.894,0.0,1.7240000000000038,0.42700000000000315,0.9069999999999965,0.39000000000000057,320.0,0.3470000000000084,1.2010000000000076,0.3670000000000009,0.6769999999999996,0.37900000000000134,326.0,0.4680000000000035,1.201,0.0,18.0,0.0,10.0,15.0,1.0,0,0.5,2025,4,Unknown,-1.0
STR,Aston Martin,17.0,19.0,2,Finished,,0,19.0,92.283,2.442,0.649,0.0,2.7169999999999987,0.7360000000000007,1.2219999999999942,0.7590000000000003,318.0,0.8149999999999977,1.8770000000000095,0.5199999999999996,0.8890000000000029,0.6449999999999996,322.0,0.5570000000000022,1.832,10.0,10.0,10.0,7.0,6.0,0.0,0,0.5,2025,4,Unknown,-2.0
BOR,Kick Sauber,18.0,18.0,2,Finished,,0,18.0,92.186,2.345,0.119,0.0,2.872,0.6280000000000001,1.2409999999999997,0.8780000000000001,319.0,0.0,1.2670000000000101,0.45500000000000185,0.6649999999999991,0.3689999999999998,327.0,0.0,1.267,0.0,20.0,6.0,9.0,16.0,1.0,0,0.5,2025,4,Unknown,0.0
SAI,Williams,19.0,8.0,3,Retired,DNF,1,8.0,90.68,0.839,0.0,0.0,1.445999999999998,0.41000000000000014,0.4679999999999964,0.5680000000000014,319.0,0.0,1.1180000000000092,0.3210000000000015,0.6769999999999996,0.34199999999999875,321.0,0.0,1.118,1.0,15.0,19.0,5.0,18.0,1.0,0,0.5,2025,4,Unknown,11.0
HUL,Kick Sauber,20.0,16.0,2,Disqualified,DSQ,1,16.0,92.067,2.226,0.0,0.0,2.989999999999995,0.8880000000000017,1.3709999999999951,0.7310000000000016,317.0,0.117999999999995,1.9909999999999997,0.5310000000000024,1.186,0.4269999999999996,329.0,0.7239999999999895,1.922,6.0,11.0,6.0,9.0,7.0,0.0,0,0.5,2025,4,Unknown,4.0
PIA,McLaren,1.0,2.0,1,Finished,,0,2.0,87.304,0.01,0.0,0.0,0.02400000000000091,0.05800000000000338,0.0,0.12199999999999989,332.0,0.02400000000000091,0.16300000000001091,0.15200000000000102,0.1269999999999989,0.0,330.0,0.16300000000001091,0.097,74.0,2.0,151.0,1.0,1.6666666666666667,0.0,1,0.45,2025,5,Jeddah Corniche Circuit,-1.0
VER,Red Bull,2.0,1.0,1,Finished,,0,1.0,87.294,0.0,0.0,0.0,0.8449999999999989,0.30799999999999983,0.28800000000000026,0.35800000000000054,337.0,0.0,0.28000000000000114,0.09799999999999898,0.13100000000000023,0.16699999999999804,333.0,0.0,0.871,69.0,3.0,71.0,3.0,3.6666666666666665,0.0,1,0.45,2025,5,Jeddah Corniche Circuit,1.0
LEC,Ferrari,3.0,4.0,1,Finished,,0,4.0,87.67,0.376,0.0,-1.0,0.8829999999999956,0.382000000000005,0.3949999999999996,0.28500000000000014,336.0,0.0,0.4819999999999993,0.37299999999999756,0.16400000000000148,0.06099999999999994,333.0,0.0,0.979,32.0,5.0,57.0,4.0,8.666666666666666,0.3333333333333333,1,0.45,2025,5,Jeddah Corniche Circuit,-1.0
NOR,McLaren,4.0,10.0,1,Finished,,0,10.0,87.481,0.187,0.177,6.0,0.0,0.0,0.08300000000000196,0.0,334.0,0.0,0.0,0.0,0.0,0.004999999999999005,330.0,0.0,0.0,77.0,1.0,151.0,1.0,2.3333333333333335,0.0,1,0.45,2025,5,Jeddah Corniche Circuit,-6.0
RUS,Mercedes,5.0,3.0,1,Finished,,0,3.0,87.407,0.113,0.0,0.0,0.6269999999999953,0.277000000000001,0.1460000000000008,0.36499999999999844,332.0,0.0,0.7060000000000031,0.3810000000000002,0.16499999999999915,0.2759999999999998,332.0,0.0,0.705,63.0,4.0,93.0,2.0,3.3333333333333335,0.0,1,0.45,2025,5,Jeddah Corniche Circuit,2.0
ANT,Mercedes,6.0,5.0,1,Finished,,0,5.0,87.798,0.504,0.391,-1.0,1.1899999999999977,0.517000000000003,0.29299999999999926,0.46899999999999764,333.0,0.5630000000000024,0.9750000000000085,0.5309999999999988,0.3539999999999992,0.20599999999999952,331.0,0.26900000000000546,1.169,30.0,6.0,93.0,2.0,7.666666666666667,0.0,1,0.45,2025,5,Jeddah Corniche Circuit,1.0
HAM,Ferrari,7.0,7.0,1,Finished,,0,7.0,88.102,0.808,0.432,-3.0,1.2909999999999968,0.554000000000002,0.397000000000002,0.4969999999999999,335.0,0.40800000000000125,1.1039999999999992,0.5599999999999952,0.277000000000001,0.34699999999999775,337.0,0.6219999999999999,1.365,25.0,7.0,57.0,4.0,10.333333333333334,0.3333333333333333,1,0.45,2025,5,Jeddah Corniche Circuit,0.0
SAI,Williams,8.0,6.0,1,Finished,,0,6.0,88.024,0.73,0.0,-2.0,1.0809999999999889,0.46999999999999886,0.3670000000000009,0.42299999999999827,333.0,0.18099999999999739,0.6749999999999972,0.36699999999999733,0.21499999999999986,0.20899999999999963,333.0,0.0,1.177,1.0,16.0,19.0,6.0,14.333333333333334,0.3333333333333333,1,0.45,2025,5,Jeddah Corniche Circuit,2.0
ALB,Williams,9.0,11.0,1,Finished,,0,11.0,88.109,0.815,0.085,0.0,0.8999999999999915,0.3680000000000021,0.2980000000000018,0.41300000000000026,336.0,0.0,0.953000000000003,0.4269999999999996,0.3539999999999992,0.23999999999999844,330.0,0.2780000000000058,0.996,18.0,8.0,19.0,6.0,9.333333333333334,0.0,1,0.45,2025,5,Jeddah Corniche Circuit,-2.0
HAD,Racing Bulls,10.0,14.0,1,Finished,,0,14.0,88.418,1.124,0.227,0.0,1.2800000000000011,0.5900000000000034,0.4250000000000007,0.44399999999999906,333.0,0.0,1.0390000000000015,0.5210000000000008,0.3230000000000004,0.2829999999999977,333.0,0.0,1.376,4.0,15.0,0.0,10.0,10.666666666666666,0.0,1,0.45,2025,5,Jeddah Corniche Circuit,-4.0
ALO,Aston Martin,11.0,13.0,1,Finished,,0,13.0,88.303,1.009,0.0,0.0,1.399000000000001,0.47400000000000375,0.4250000000000007,0.6789999999999985,332.0,0.0,1.3950000000000102,0.5579999999999998,0.41799999999999926,0.4969999999999999,323.0,0.0,1.495,0.0,17.0,10.0,7.0,14.333333333333334,0.3333333333333333,1,0.45,2025,5,Jeddah Corniche Circuit,-2.0
LAW,Racing Bulls,12.0,12.0,1,Finished,,0,12.0,88.191,0.897,0.0,0.0,1.3719999999999999,0.578000000000003,0.4660000000000011,0.4519999999999982,334.0,0.09199999999999875,1.2210000000000036,0.5989999999999966,0.3569999999999993,0.2530000000000001,332.0,0.18200000000000216,1.413,0.0,18.0,0.0,10.0,15.0,0.0,1,0.45,2025,5,Jeddah Corniche Circuit,0.0
BEA,Haas F1 Team,13.0,15.0,1,Finished,,0,15.0,88.536,1.242,0.0,0.0,1.5,0.7629999999999981,0.3880000000000017,0.5210000000000008,332.0,0.0,1.487000000000009,0.8189999999999955,0.2920000000000016,0.47499999999999787,331.0,0.0,1.589,6.0,13.0,20.0,5.0,9.333333333333334,0.0,1,0.45,2025,5,Jeddah Corniche Circuit,-2.0
OCO,Haas F1 Team,14.0,19.0,1,Finished,,0,19.0,89.092,1.798,0.556,0.0,1.8469999999999942,0.828000000000003,0.620000000000001,0.5779999999999994,337.0,0.3469999999999942,1.7520000000000095,0.8469999999999942,0.4559999999999995,0.3789999999999978,332.0,0.26500000000000057,1.943,14.0,9.0,20.0,5.0,10.333333333333334,0.0,1,0.45,2025,5,Jeddah Corniche Circuit,-5.0
HUL,Kick Sauber,15.0,18.0,1,Lapped,,0,18.0,88.782,1.488,0.0,0.0,1.7309999999999945,0.7929999999999993,0.5560000000000009,0.532,336.0,0.0,0.9260000000000019,0.6280000000000001,0.21199999999999974,0.20199999999999818,335.0,0.0,1.671,6.0,12.0,6.0,10.0,17.0,0.3333333333333333,1,0.45,2025,5,Jeddah Corniche Circuit,-3.0
STR,Aston Martin,16.0,16.0,1,Lapped,,0,16.0,88.645,1.351,0.342,0.0,1.98899999999999,0.6499999999999986,0.565999999999999,0.8079999999999998,330.0,0.5899999999999892,1.740000000000009,0.7269999999999968,0.5700000000000003,0.5589999999999975,327.0,0.34499999999999886,1.928,10.0,10.0,10.0,7.0,15.333333333333334,0.0,1,0.45,2025,5,Jeddah Corniche Circuit,0.0
DOO,Alpine F1 Team,17.0,17.0,2,Lapped,,0,17.0,88.739,1.445,0.714,0.0,1.4089999999999918,0.6660000000000039,0.4750000000000014,0.43400000000000105,335.0,0.27299999999999613,1.6450000000000102,0.8539999999999992,0.3930000000000007,0.5139999999999993,331.0,0.8060000000000116,1.492,0.0,19.0,6.0,9.0,14.0,0.0,1,0.45,2025,5,Jeddah Corniche Circuit,0.0
BOR,Kick Sauber,18.0,20.0,1,Lapped,,0,20.0,89.462,2.168,0.68,0.0,1.9209999999999923,0.8960000000000008,0.6509999999999998,0.5530000000000008,338.0,0.18999999999999773,0.953000000000003,0.5210000000000008,0.2920000000000016,0.2530000000000001,332.0,0.0,2.017,0.0,20.0,6.0,10.0,17.0,0.0,1,0.45,2025,5,Jeddah Corniche Circuit,-2.0
TSU,Red Bull,19.0,8.0,1,Retired,DNF,1,8.0,87.99,0.696,0.696,1.0,1.1809999999999974,0.4510000000000005,0.347999999999999,0.5549999999999997,334.0,0.3359999999999985,0.695999999999998,0.17599999999999483,0.33899999999999864,0.29699999999999704,331.0,0.4159999999999968,1.249,5.0,14.0,71.0,3.0,12.333333333333334,0.0,1,0.45,2025,5,Jeddah Corniche Circuit,11.0
GAS,Alpine F1 Team,20.0,9.0,1,Retired,DNF,1,9.0,88.025,0.731,0.0,0.0,1.1359999999999957,0.42900000000000205,0.4750000000000014,0.4109999999999978,334.0,0.0,0.8389999999999986,0.4649999999999963,0.2789999999999999,0.21099999999999852,332.0,0.0,1.232,6.0,11.0,6.0,9.0,13.333333333333334,0.3333333333333333,1,0.45,2025,5,Jeddah Corniche Circuit,11.0
PIA,McLaren,1.0,4.0,1,Finished,,0,4.0,86.269,0.065,0.0,2.0,,,,,,,,,,,,,0.0,99.0,1.0,188.0,1.0,1.6666666666666667,0.0,1,0.45,2025,6,Miami International Autodrome,-3.0
NOR,McLaren,2.0,2.0,1,Finished,,0,2.0,86.269,0.065,0.0,-1.0,,,,,,,,,,,,,1.16,89.0,2.0,188.0,1.0,3.0,0.0,1,0.45,2025,6,Miami International Autodrome,0.0
RUS,Mercedes,3.0,5.0,1,Finished,,0,5.0,86.385,0.181,0.114,0.0,,,,,,,,,,,,,0.65,73.0,4.0,111.0,2.0,4.0,0.0,1,0.45,2025,6,Miami International Autodrome,-2.0
VER,Red Bull,4.0,1.0,1,Finished,,0,1.0,86.204,0.0,0.0,0.0,,,,,,,,,,,,,0.43,87.0,3.0,89.0,3.0,3.0,0.0,1,0.45,2025,6,Miami International Autodrome,3.0
ALB,Williams,5.0,7.0,1,Finished,,0,7.0,86.682,0.478,0.113,0.0,,,,,,,,,,,,,0.827,20.0,8.0,25.0,5.0,10.0,0.0,1,0.45,2025,6,Miami International Autodrome,-2.0
ANT,Mercedes,6.0,3.0,1,Finished,,0,3.0,86.271,0.067,0.0,-1.0,,,,,,,,,,,,,1.053,38.0,6.0,111.0,2.0,7.666666666666667,0.0,1,0.45,2025,6,Miami International Autodrome,3.0
LEC,Ferrari,7.0,8.0,1,Finished,,0,8.0,86.754,0.55,0.0,0.0,,,,,,,,,,,,,0.356,47.0,5.0,78.0,4.0,3.6666666666666665,0.0,1,0.45,2025,6,Miami International Autodrome,-1.0
HAM,Ferrari,8.0,12.0,1,Finished,,0,12.0,87.006,0.802,0.252,0.0,,,,,,,,,,,,,1.156,31.0,7.0,78.0,4.0,6.333333333333333,0.0,1,0.45,2025,6,Miami International Autodrome,-4.0
SAI,Williams,9.0,6.0,1,Finished,,0,6.0,86.569,0.365,0.0,0.0,,,,,,,,,,,,,0.504,5.0,15.0,25.0,5.0,13.666666666666666,0.3333333333333333,1,0.45,2025,6,Miami International Autodrome,3.0
TSU,Red Bull,10.0,10.0,1,Finished,,0,10.0,86.943,0.739,0.739,0.0,,,,,,,,,,,,,1.027,5.0,16.0,89.0,3.0,13.333333333333334,0.3333333333333333,1,0.45,2025,6,Miami International Autodrome,0.0
HAD,Racing Bulls,11.0,11.0,1,Finished,,0,11.0,86.987,0.783,0.0,0.0,,,,,,,,,,,,,0.84,5.0,14.0,0.0,10.0,10.333333333333334,0.0,1,0.45,2025,6,Miami International Autodrome,0.0
OCO,Haas F1 Team,12.0,9.0,1,Finished,,0,9.0,86.824,0.62,0.0,0.0,,,,,,,,,,,,,2.051,14.0,9.0,20.0,6.0,13.333333333333334,0.0,1,0.45,2025,6,Miami International Autodrome,3.0
GAS,Alpine F1 Team,13.0,20.0,2,Finished,,0,20.0,87.71,1.506,0.524,2.0,,,,,,,,,,,,,1.788,6.0,11.0,6.0,9.0,13.333333333333334,0.3333333333333333,1,0.45,2025,6,Miami International Autodrome,-7.0
HUL,Kick Sauber,14.0,16.0,1,Lapped,,0,16.0,87.473,1.269,0.322,0.0,,,,,,,,,,,,,1.375,6.0,12.0,6.0,10.0,17.0,0.3333333333333333,1,0.45,2025,6,Miami International Autodrome,-2.0
ALO,Aston Martin,15.0,17.0,1,Lapped,,0,17.0,87.604,1.4,0.0,0.0,,,,,,,,,,,,,1.115,0.0,17.0,10.0,7.0,12.333333333333334,0.0,1,0.45,2025,6,Miami International Autodrome,-2.0
STR,Aston Martin,16.0,18.0,1,Lapped,,0,18.0,87.83,1.626,0.226,-1.0,,,,,,,,,,,,,1.588,10.0,10.0,10.0,7.0,17.666666666666668,0.0,1,0.45,2025,6,Miami International Autodrome,-2.0
LAW,Racing Bulls,17.0,15.0,1,Retired,DNF,1,15.0,87.363,1.159,0.376,0.0,,,,,,,,,,,,,1.246,0.0,18.0,0.0,10.0,15.0,0.0,1,0.45,2025,6,Miami International Autodrome,2.0
BOR,Kick Sauber,18.0,13.0,1,Retired,DNF,1,13.0,87.151,0.947,0.0,0.0,,,,,,,,,,,,,1.643,0.0,20.0,6.0,10.0,18.333333333333332,0.0,1,0.45,2025,6,Miami International Autodrome,5.0
BEA,Haas F1 Team,19.0,19.0,1,Retired,DNF,1,19.0,87.999,1.795,1.175,-1.0,,,,,,,,,,,,,1.868,6.0,13.0,20.0,6.0,11.0,0.0,1,0.45,2025,6,Miami International Autodrome,0.0
DOO,Alpine F1 Team,20.0,14.0,1,Retired,DNF,1,14.0,87.186,0.982,0.0,0.0,,,,,,,,,,,,,2.123,0.0,19.0,6.0,9.0,15.333333333333334,0.0,1,0.45,2025,6,Miami International Autodrome,6.0
VER,Red Bull,1.0,2.0,2,Finished,,0,2.0,74.704,0.034,0.0,0.0,0.18099999999999739,0.0,0.07400000000000162,0.08600000000000207,295.0,0.0,0.44199999999999307,0.29499999999999815,0.21899999999999764,0.28200000000000003,295.0,0.0,0.073,0.0,20.0,105.0,3.0,4.0,0.0,0,0.25,2025,7,Autodromo Enzo e Dino Ferrari,-1.0
NOR,McLaren,2.0,4.0,2,Finished,,0,4.0,74.962,0.292,0.292,0.0,0.0,0.08699999999999974,0.0,0.0,296.0,0.0,0.024999999999991473,0.17299999999999827,0.0,0.0,295.0,0.024999999999991473,0.0,0.0,20.0,246.0,1.0,3.0,0.0,0,0.25,2025,7,Autodromo Enzo e Dino Ferrari,-2.0
PIA,McLaren,3.0,1.0,2,Finished,,0,1.0,74.67,0.0,0.0,0.0,0.09999999999999432,0.0020000000000024443,0.004999999999999005,0.21600000000000108,294.0,0.09999999999999432,0.0,0.0,0.11199999999999832,0.24199999999999733,296.0,0.0,0.136,0.0,20.0,246.0,1.0,1.0,0.0,0,0.25,2025,7,Autodromo Enzo e Dino Ferrari,2.0
HAM,Ferrari,4.0,12.0,2,Finished,,0,12.0,75.765,1.095,0.161,0.0,0.8900000000000006,0.2680000000000007,0.20400000000000063,0.32200000000000273,297.0,0.33600000000001273,0.6499999999999915,0.2789999999999999,0.4109999999999978,0.24299999999999855,297.0,0.17499999999999716,0.707,0.0,20.0,94.0,4.0,6.666666666666667,0.0,0,0.25,2025,7,Autodromo Enzo e Dino Ferrari,-8.0
ALB,Williams,5.0,7.0,2,Finished,,0,7.0,75.473,0.803,0.275,0.0,0.8349999999999937,0.20400000000000063,0.26699999999999946,0.4460000000000015,296.0,0.2750000000000057,0.6229999999999905,0.27399999999999736,0.32099999999999795,0.2339999999999982,293.0,0.0,0.745,0.0,20.0,37.0,5.0,8.666666666666666,0.0,0,0.25,2025,7,Autodromo Enzo e Dino Ferrari,-2.0
LEC,Ferrari,6.0,11.0,2,Finished,,0,11.0,75.604,0.934,0.0,0.0,0.5539999999999878,0.3100000000000023,0.2530000000000001,0.18400000000000105,298.0,0.0,0.4749999999999943,0.2359999999999971,0.29100000000000037,0.1819999999999986,297.0,0.0,0.66,0.0,20.0,94.0,4.0,4.666666666666667,0.0,0,0.25,2025,7,Autodromo Enzo e Dino Ferrari,-5.0
RUS,Mercedes,7.0,3.0,2,Finished,,0,3.0,74.807,0.137,0.0,0.0,0.7650000000000006,0.35400000000000276,0.2920000000000016,0.3410000000000011,292.0,0.26300000000000523,0.3999999999999915,0.31700000000000017,0.26699999999999946,0.16999999999999815,295.0,0.0,0.844,0.0,20.0,141.0,2.0,3.3333333333333335,0.0,0,0.25,2025,7,Autodromo Enzo e Dino Ferrari,4.0
SAI,Williams,8.0,6.0,2,Finished,,0,6.0,75.198,0.528,0.0,1.0,0.5599999999999881,0.19000000000000128,0.24099999999999966,0.1700000000000017,294.0,0.0,0.6409999999999911,0.2560000000000002,0.34199999999999875,0.31799999999999784,294.0,0.018000000000000682,0.514,0.0,20.0,37.0,5.0,12.0,0.3333333333333333,0,0.25,2025,7,Autodromo Enzo e Dino Ferrari,2.0
HAD,Racing Bulls,9.0,9.0,2,Finished,,0,9.0,75.51,0.84,0.0,-1.0,0.61099999999999,0.28200000000000003,0.20899999999999963,0.3420000000000023,296.0,0.0,0.4989999999999952,0.2099999999999973,0.22499999999999787,0.4089999999999989,295.0,0.0,0.746,0.0,20.0,0.0,10.0,11.333333333333334,0.0,0,0.25,2025,7,Autodromo Enzo e Dino Ferrari,0.0
TSU,Red Bull,10.0,20.0,2,Finished,,0,20.0,75.51,0.84,0.0,0.0,1.2129999999999939,0.4150000000000027,0.2759999999999998,0.5160000000000018,295.0,1.0319999999999965,0.5339999999999918,0.17499999999999716,0.26799999999999713,0.4450000000000003,298.0,0.09199999999999875,1.004,0.0,20.0,105.0,3.0,12.666666666666666,0.3333333333333333,0,0.25,2025,7,Autodromo Enzo e Dino Ferrari,-10.0
ALO,Aston Martin,11.0,5.0,2,Finished,,0,5.0,75.431,0.761,0.0,-1.0,0.921999999999997,0.2690000000000019,0.2809999999999988,0.4750000000000014,294.0,0.0,0.9269999999999925,0.4039999999999999,0.3559999999999981,0.5209999999999972,292.0,0.0,0.938,0.0,20.0,14.0,7.0,13.666666666666666,0.0,0,0.25,2025,7,Autodromo Enzo e Dino Ferrari,6.0
HUL,Kick Sauber,12.0,17.0,1,Finished,,0,17.0,76.518,1.848,0.258,0.0,1.340999999999994,0.6730000000000018,0.4759999999999991,0.402000000000001,294.0,0.19199999999999307,1.1259999999999906,0.44200000000000017,0.6059999999999981,0.4319999999999986,294.0,0.0799999999999983,1.357,0.0,20.0,6.0,10.0,16.333333333333332,0.3333333333333333,0,0.25,2025,7,Autodromo Enzo e Dino Ferrari,-5.0
GAS,Alpine F1 Team,13.0,10.0,2,Finished,,0,10.0,75.505,0.835,0.0,1.0,1.0929999999999893,0.37400000000000233,0.46699999999999875,0.34299999999999997,298.0,0.0,0.27599999999999625,0.21199999999999974,0.17299999999999827,0.24499999999999744,298.0,0.0,0.778,0.0,20.0,7.0,9.0,13.333333333333334,0.3333333333333333,0,0.25,2025,7,Autodromo Enzo e Dino Ferrari,3.0
LAW,Racing Bulls,14.0,15.0,2,Finished,,0,15.0,76.379,1.709,0.869,-1.0,1.0799999999999983,0.4710000000000001,0.4089999999999989,0.4220000000000006,293.0,0.4690000000000083,0.9619999999999891,0.5189999999999984,0.4190000000000005,0.3780000000000001,295.0,0.46299999999999386,1.215,0.0,20.0,0.0,10.0,15.0,0.3333333333333333,0,0.25,2025,7,Autodromo Enzo e Dino Ferrari,-1.0
STR,Aston Martin,15.0,8.0,2,Finished,,0,8.0,75.497,0.827,0.066,0.0,1.0779999999999887,0.28200000000000003,0.4209999999999994,0.5860000000000021,293.0,0.1559999999999917,1.0479999999999876,0.3460000000000001,0.5599999999999987,0.4599999999999973,294.0,0.12099999999999511,1.202,0.0,20.0,14.0,7.0,16.333333333333332,0.0,0,0.25,2025,7,Autodromo Enzo e Dino Ferrari,7.0
COL,Alpine F1 Team,16.0,16.0,2,Finished,,0,16.0,76.256,1.586,0.751,2.0,1.3129999999999882,0.4770000000000003,0.5689999999999991,0.48900000000000077,301.0,0.21999999999999886,0.7509999999999906,0.26200000000000045,0.49199999999999733,0.3509999999999991,300.0,0.4749999999999943,1.282,0.0,20.0,7.0,9.0,20.0,0.0,0,0.25,2025,7,Autodromo Enzo e Dino Ferrari,0.0
BEA,Haas F1 Team,17.0,19.0,2,Finished,,0,19.0,76.918,2.248,0.305,0.0,1.046999999999997,0.522000000000002,0.28500000000000014,0.397000000000002,297.0,0.0,0.715999999999994,0.4510000000000005,0.33699999999999974,0.28200000000000003,295.0,0.0,1.117,0.0,20.0,20.0,6.0,14.0,0.3333333333333333,0,0.25,2025,7,Autodromo Enzo e Dino Ferrari,-2.0
BOR,Kick Sauber,18.0,14.0,3,Finished,,0,14.0,76.26,1.59,0.0,-1.0,1.149000000000001,0.3550000000000004,0.5019999999999989,0.4750000000000014,295.0,0.0,1.0459999999999923,0.2759999999999998,0.6869999999999976,0.4089999999999989,297.0,0.0,1.245,0.0,20.0,6.0,10.0,18.0,0.3333333333333333,0,0.25,2025,7,Autodromo Enzo e Dino Ferrari,4.0
ANT,Mercedes,19.0,13.0,1,Retired,DNF,1,13.0,75.772,1.102,0.965,0.0,0.5019999999999953,0.3100000000000023,0.1960000000000015,0.21799999999999997,294.0,0.0,1.1129999999999995,0.4499999999999993,0.5329999999999977,0.4839999999999982,295.0,0.7130000000000081,0.637,0.0,20.0,141.0,2.0,7.666666666666667,0.0,0,0.25,2025,7,Autodromo Enzo e Dino Ferrari,6.0
OCO,Haas F1 Team,20.0,18.0,1,Retired,DNF,1,18.0,76.613,1.943,0.0,0.0,1.4899999999999949,0.6990000000000016,0.48900000000000077,0.47600000000000264,295.0,0.44299999999999784,1.1269999999999953,0.44899999999999807,0.5159999999999982,0.41999999999999815,294.0,0.41100000000000136,1.451,0.0,20.0,20.0,6.0,11.333333333333334,0.0,0,0.25,2025,7,Autodromo Enzo e Dino Ferrari,2.0
NOR,McLaren,1.0,1.0,2,Finished,,0,1.0,69.954,0.0,0.0,0.0,0.29399999999999693,0.18299999999999983,0.0,0.021999999999998465,280.0,0.0,0.32200000000000273,0.21499999999999986,0.054999999999999716,0.0009999999999976694,278.0,0.284000000000006,0.112,133.0,2.0,279.0,1.0,3.0,0.0,1,0.05,2025,8,Circuit de Monaco,0.0
LEC,Ferrari,2.0,2.0,2,Finished,,0,2.0,70.063,0.109,0.0,0.0,0.0,0.0,0.0030000000000001137,0.0,282.0,0.0,0.0,0.0,0.06899999999999551,0.06999999999999673,283.0,0.0,0.0,61.0,5.0,114.0,4.0,5.0,0.0,1,0.05,2025,8,Circuit de Monaco,0.0
PIA,McLaren,3.0,3.0,2,Finished,,0,3.0,70.129,0.175,0.175,0.0,0.4449999999999932,0.28699999999999903,0.11300000000000665,0.022999999999999687,280.0,0.15099999999999625,0.0379999999999967,0.1579999999999977,0.0,0.129999999999999,280.0,0.0,0.39,146.0,1.0,279.0,1.0,1.0,0.0,1,0.05,2025,8,Circuit de Monaco,0.0
VER,Red Bull,4.0,4.0,2,Finished,,0,4.0,70.669,0.715,0.0,-1.0,0.28000000000000114,0.1039999999999992,0.11700000000000443,0.038999999999997925,280.0,0.0,0.7129999999999939,0.3119999999999976,0.4439999999999955,0.2069999999999972,277.0,0.0,0.257,124.0,3.0,131.0,3.0,3.0,0.0,1,0.05,2025,8,Circuit de Monaco,0.0
HAM,Ferrari,5.0,7.0,2,Finished,,0,7.0,70.382,0.428,0.319,3.0,0.5630000000000024,0.09799999999999898,0.132000000000005,0.09099999999999753,281.0,0.5630000000000024,0.10499999999998977,0.2029999999999994,0.13799999999999812,0.0,283.0,0.10499999999998977,0.158,53.0,6.0,114.0,4.0,7.5,0.0,1,0.05,2025,8,Circuit de Monaco,-2.0
HAD,Racing Bulls,6.0,5.0,2,Lapped,,0,5.0,70.923,0.969,0.0,-2.0,1.3179999999999978,0.4259999999999984,0.5530000000000044,0.259999999999998,278.0,0.45700000000000784,0.48699999999999477,0.21199999999999974,0.36299999999999955,0.16199999999999903,278.0,0.019000000000005457,0.89,7.0,14.0,0.0,10.0,10.5,0.0,1,0.05,2025,8,Circuit de Monaco,1.0
OCO,Haas F1 Team,7.0,8.0,2,Lapped,,0,8.0,70.942,0.988,0.0,-1.0,1.5459999999999923,0.6059999999999981,0.578000000000003,0.33699999999999974,281.0,0.24799999999999045,1.1859999999999928,0.5609999999999999,0.5240000000000009,0.3509999999999991,282.0,0.2819999999999965,1.463,14.0,9.0,20.0,6.0,13.0,0.0,1,0.05,2025,8,Circuit de Monaco,-1.0
LAW,Racing Bulls,8.0,9.0,2,Lapped,,0,9.0,71.129,1.175,0.206,-1.0,0.86099999999999,0.3949999999999996,0.28700000000000614,0.1529999999999987,280.0,0.0,0.4679999999999893,0.25900000000000034,0.1700000000000017,0.2889999999999979,280.0,0.0,0.795,0.0,18.0,0.0,10.0,14.5,0.5,1,0.05,2025,8,Circuit de Monaco,-1.0
ALB,Williams,9.0,10.0,2,Lapped,,0,10.0,70.732,0.778,0.0,4.0,0.7150000000000034,0.14399999999999835,0.3410000000000011,0.0990000000000002,281.0,0.0,0.5630000000000024,0.3279999999999994,0.33800000000000097,0.14699999999999847,279.0,0.0,0.56,40.0,8.0,51.0,5.0,7.0,0.0,1,0.05,2025,8,Circuit de Monaco,-1.0
SAI,Williams,10.0,11.0,2,Lapped,,0,11.0,71.362,1.408,0.63,0.0,0.9399999999999977,0.3619999999999983,0.3890000000000029,0.11199999999999832,281.0,0.22499999999999432,0.7959999999999923,0.3930000000000007,0.5180000000000007,0.10499999999999687,278.0,0.23299999999998988,0.784,11.0,11.0,51.0,5.0,8.5,0.0,1,0.05,2025,8,Circuit de Monaco,-1.0
RUS,Mercedes,11.0,14.0,3,Lapped,,0,14.0,71.507,1.553,0.0,1.0,1.1129999999999995,0.3769999999999989,0.49200000000000443,0.1839999999999975,281.0,0.05299999999999727,0.7369999999999948,0.2579999999999991,0.45299999999999585,0.23899999999999721,281.0,0.09000000000000341,0.984,99.0,4.0,147.0,2.0,4.0,0.0,1,0.05,2025,8,Circuit de Monaco,-3.0
BEA,Haas F1 Team,12.0,20.0,2,Lapped,,0,20.0,71.979,2.025,1.037,3.0,1.2980000000000018,0.4109999999999978,0.517000000000003,0.18599999999999994,281.0,0.0,0.9039999999999964,0.38899999999999935,0.46300000000000097,0.08699999999999974,282.0,0.0,0.943,6.0,16.0,20.0,6.0,16.0,0.5,1,0.05,2025,8,Circuit de Monaco,-8.0
COL,Alpine F1 Team,13.0,18.0,2,Lapped,,0,18.0,72.597,2.643,0.603,-2.0,1.8979999999999961,0.5350000000000001,0.8740000000000023,0.4469999999999992,279.0,0.6569999999999965,2.0600000000000023,0.7289999999999992,0.9519999999999982,0.6289999999999978,279.0,1.01100000000001,1.853,0.0,21.0,7.0,9.0,20.0,0.0,1,0.05,2025,8,Circuit de Monaco,-5.0
BOR,Kick Sauber,14.0,16.0,3,Lapped,,0,16.0,71.902,1.948,0.306,0.0,1.6479999999999961,0.4469999999999992,0.6900000000000048,0.3979999999999997,279.0,0.4759999999999991,0.8789999999999907,0.2839999999999989,0.5349999999999966,0.28200000000000003,280.0,0.0,1.254,0.0,20.0,6.0,10.0,18.0,0.5,1,0.05,2025,8,Circuit de Monaco,-2.0
STR,Aston Martin,15.0,19.0,2,Lapped,,0,19.0,72.563,2.609,1.639,0.0,1.2489999999999952,0.34399999999999764,0.5660000000000025,0.23300000000000054,280.0,0.10099999999999909,1.1569999999999965,0.1750000000000007,0.4609999999999985,0.4989999999999988,280.0,0.6219999999999999,1.07,14.0,10.0,14.0,7.0,16.0,0.0,1,0.05,2025,8,Circuit de Monaco,-4.0
HUL,Kick Sauber,16.0,13.0,2,Lapped,,0,13.0,71.596,1.642,0.0,-1.0,1.171999999999997,0.5169999999999995,0.4370000000000047,0.1819999999999986,279.0,0.0,0.9069999999999965,0.4800000000000004,0.35600000000000165,0.32099999999999795,278.0,0.028000000000005798,1.133,6.0,15.0,6.0,10.0,14.5,0.0,1,0.05,2025,8,Circuit de Monaco,3.0
TSU,Red Bull,17.0,12.0,2,Lapped,,0,12.0,71.415,1.461,0.746,0.0,0.9989999999999952,0.2569999999999979,0.4060000000000059,0.17800000000000082,281.0,0.7189999999999941,0.7169999999999987,0.3559999999999981,0.3189999999999955,0.2519999999999989,280.0,0.0040000000000048885,0.838,10.0,12.0,131.0,3.0,14.5,0.5,1,0.05,2025,8,Circuit de Monaco,5.0
ANT,Mercedes,18.0,15.0,2,Lapped,,0,15.0,71.88,1.926,0.373,0.0,1.0600000000000023,0.4220000000000006,0.35300000000000153,0.1280000000000001,280.0,0.0,0.6469999999999914,0.3829999999999991,0.30799999999999983,0.19199999999999662,280.0,0.0,0.895,48.0,7.0,147.0,2.0,6.0,0.0,1,0.05,2025,8,Circuit de Monaco,3.0
ALO,Aston Martin,19.0,6.0,1,Retired,DNF,1,6.0,70.924,0.97,0.0,-2.0,1.1479999999999961,0.44899999999999807,0.46000000000000085,0.23600000000000065,280.0,0.0,0.5349999999999966,0.3009999999999984,0.25199999999999534,0.1819999999999986,281.0,0.0,0.888,0.0,17.0,14.0,7.0,13.0,0.0,1,0.05,2025,8,Circuit de Monaco,13.0
GAS,Alpine F1 Team,20.0,17.0,1,Retired,DNF,1,17.0,71.994,2.04,0.0,-1.0,1.2409999999999997,0.3960000000000008,0.5130000000000052,0.23000000000000043,279.0,0.0,1.0489999999999924,0.3999999999999986,0.5180000000000007,0.30299999999999727,278.0,0.0,1.136,7.0,13.0,7.0,9.0,16.5,0.5,1,0.05,2025,8,Circuit de Monaco,3.0
PIA,McLaren,1.0,1.0,3,Finished,,0,1.0,71.546,0.0,0.0,0.0,0.0,0.0,0.0,0.0,325.0,0.0,0.0,0.0,0.0,0.0,331.0,0.0,0.0,161.0,1.0,319.0,1.0,2.3333333333333335,0.0,0,0.35,2025,9,Circuit de Barcelona-Catalunya,0.0
NOR,McLaren,2.0,2.0,3,Finished,,0,2.0,71.755,0.209,0.209,0.0,0.5259999999999962,0.20599999999999952,0.30400000000000205,0.015999999999998238,324.0,0.5259999999999962,0.30999999999998806,0.04100000000000037,0.13299999999999912,0.13599999999999923,330.0,0.30999999999998806,0.419,158.0,2.0,319.0,1.0,1.6666666666666667,0.0,0,0.35,2025,9,Circuit de Barcelona-Catalunya,0.0
LEC,Ferrari,3.0,7.0,3,Finished,,0,7.0,72.131,0.585,0.086,0.0,0.742999999999995,0.3509999999999991,0.35900000000000176,0.0329999999999977,325.0,0.0,0.5,0.11499999999999844,0.28999999999999915,0.09499999999999886,327.0,0.0,0.565,79.0,5.0,142.0,4.0,5.0,0.0,0,0.35,2025,9,Circuit de Barcelona-Catalunya,-4.0
RUS,Mercedes,4.0,4.0,3,Finished,,0,4.0,71.848,0.302,0.0,1.0,0.7519999999999953,0.2959999999999994,0.2900000000000027,0.16600000000000037,327.0,0.0,0.28600000000000136,0.22100000000000009,0.036999999999999034,0.027999999999998693,326.0,0.0,0.659,99.0,4.0,147.0,2.0,7.0,0.0,0,0.35,2025,9,Circuit de Barcelona-Catalunya,0.0
HUL,Kick Sauber,5.0,15.0,3,Finished,,0,15.0,73.19,1.644,0.434,0.0,1.3460000000000036,0.47499999999999787,0.6140000000000008,0.2569999999999979,327.0,0.01100000000000989,0.8319999999999936,0.34999999999999787,0.3260000000000005,0.1559999999999988,328.0,0.0,1.199,6.0,15.0,6.0,10.0,14.0,0.0,0,0.35,2025,9,Circuit de Barcelona-Catalunya,-10.0
HAM,Ferrari,6.0,5.0,3,Finished,,0,5.0,72.045,0.499,0.0,0.0,1.1400000000000006,0.28500000000000014,0.3620000000000019,0.46699999999999875,330.0,0.39700000000000557,0.7729999999999961,0.39099999999999824,0.24099999999999966,0.1410000000000018,327.0,0.27299999999999613,0.895,63.0,6.0,142.0,4.0,5.666666666666667,0.0,0,0.35,2025,9,Circuit de Barcelona-Catalunya,1.0
HAD,Racing Bulls,7.0,9.0,3,Finished,,0,9.0,72.252,0.706,0.0,0.0,0.9950000000000045,0.3549999999999969,0.48600000000000065,0.15399999999999991,324.0,0.0,0.6400000000000006,0.3219999999999992,0.16900000000000048,0.1490000000000009,327.0,0.0,0.886,15.0,10.0,0.0,9.0,8.666666666666666,0.0,0,0.35,2025,9,Circuit de Barcelona-Catalunya,-2.0
GAS,Alpine F1 Team,8.0,8.0,3,Finished,,0,8.0,72.199,0.653,0.0,0.0,1.566999999999993,0.3869999999999969,0.6780000000000008,0.5019999999999989,329.0,0.0,0.625,0.3009999999999984,0.23900000000000077,0.08500000000000085,325.0,0.0,0.998,7.0,14.0,7.0,9.0,15.333333333333334,0.3333333333333333,0,0.35,2025,9,Circuit de Barcelona-Catalunya,0.0
ALO,Aston Martin,9.0,10.0,3,Finished,,0,10.0,72.284,0.738,0.0,0.0,1.027000000000001,0.43799999999999883,0.3390000000000022,0.1819999999999986,326.0,0.0,0.5409999999999968,0.264999999999997,0.15200000000000102,0.12399999999999878,334.0,0.0,0.844,0.0,18.0,14.0,8.0,15.0,0.3333333333333333,0,0.35,2025,9,Circuit de Barcelona-Catalunya,-1.0
VER,Red Bull,10.0,3.0,4,Finished,,0,3.0,71.848,0.302,0.0,-1.0,0.9879999999999995,0.2729999999999997,0.47800000000000153,0.23699999999999832,326.0,0.0,0.30999999999998806,0.11999999999999744,0.05600000000000094,0.13400000000000034,336.0,0.0,0.679,136.0,3.0,143.0,3.0,3.0,0.0,0,0.35,2025,9,Circuit de Barcelona-Catalunya,7.0
LAW,Racing Bulls,11.0,13.0,2,Finished,,0,13.0,72.763,1.217,0.511,0.0,1.25,0.5889999999999986,0.4009999999999998,0.259999999999998,324.0,0.25499999999999545,0.7339999999999947,0.3359999999999985,0.24899999999999878,0.1490000000000009,327.0,0.09399999999999409,1.051,4.0,17.0,0.0,9.0,13.0,0.3333333333333333,0,0.35,2025,9,Circuit de Barcelona-Catalunya,-2.0
BOR,Kick Sauber,12.0,12.0,2,Finished,,0,12.0,72.756,1.21,0.0,0.0,1.3349999999999937,0.3869999999999969,0.5609999999999999,0.38700000000000045,329.0,0.0,1.198999999999998,0.34699999999999775,0.4710000000000001,0.3810000000000002,329.0,0.36700000000000443,1.335,0.0,21.0,6.0,10.0,16.666666666666668,0.3333333333333333,0,0.35,2025,9,Circuit de Barcelona-Catalunya,0.0
TSU,Red Bull,13.0,19.0,5,Finished,,0,19.0,73.385,1.839,1.537,0.0,1.5049999999999955,0.42199999999999704,0.6290000000000013,0.4540000000000006,327.0,0.5169999999999959,0.9230000000000018,0.2530000000000001,0.39699999999999847,0.2729999999999997,327.0,0.6130000000000138,1.296,10.0,13.0,143.0,3.0,12.333333333333334,0.0,0,0.35,2025,9,Circuit de Barcelona-Catalunya,-6.0
SAI,Williams,14.0,17.0,3,Finished,,0,17.0,73.203,1.657,0.562,0.0,1.3709999999999951,0.3490000000000002,0.46799999999999997,0.3879999999999981,324.0,0.0,0.9609999999999985,0.3039999999999985,0.4789999999999992,0.17800000000000082,337.0,0.0,1.102,12.0,12.0,54.0,5.0,9.0,0.0,0,0.35,2025,9,Circuit de Barcelona-Catalunya,-3.0
COL,Alpine F1 Team,15.0,18.0,3,Finished,,0,18.0,73.334,1.788,1.135,0.0,1.6979999999999933,0.5599999999999987,0.6900000000000013,0.4480000000000004,327.0,0.13100000000000023,1.5429999999999922,0.6219999999999999,0.45899999999999963,0.43599999999999994,326.0,0.9179999999999922,1.675,0.0,20.0,7.0,9.0,14.5,0.0,0,0.35,2025,9,Circuit de Barcelona-Catalunya,-3.0
OCO,Haas F1 Team,16.0,16.0,2,Finished,,0,16.0,73.201,1.655,0.127,0.0,1.7510000000000048,0.5619999999999976,0.7860000000000014,0.4029999999999987,323.0,0.0,1.2449999999999903,0.42199999999999704,0.5079999999999991,0.3150000000000013,328.0,0.0,1.599,20.0,9.0,26.0,6.0,13.0,0.3333333333333333,0,0.35,2025,9,Circuit de Barcelona-Catalunya,0.0
BEA,Haas F1 Team,17.0,14.0,3,Finished,,0,14.0,73.074,1.528,0.0,0.0,2.0729999999999933,0.5829999999999984,0.9170000000000016,0.5730000000000004,323.0,0.3219999999999885,1.3659999999999997,0.47199999999999775,0.4839999999999982,0.41000000000000014,325.0,0.12100000000000932,1.739,6.0,16.0,26.0,6.0,16.0,0.3333333333333333,0,0.35,2025,9,Circuit de Barcelona-Catalunya,3.0
ANT,Mercedes,18.0,6.0,2,Retired,DNF,1,6.0,72.111,0.565,0.263,0.0,1.0180000000000007,0.41600000000000037,0.25800000000000267,0.33999999999999986,325.0,0.26600000000000534,0.5379999999999967,0.2240000000000002,0.14499999999999957,0.16900000000000048,324.0,0.25199999999999534,0.816,48.0,7.0,147.0,2.0,14.333333333333334,0.3333333333333333,0,0.35,2025,9,Circuit de Barcelona-Catalunya,12.0
ALB,Williams,19.0,11.0,2,Retired,DNF,1,11.0,72.641,1.095,0.0,0.0,1.1950000000000003,0.3869999999999969,0.47300000000000075,0.29999999999999893,325.5,0.0,1.0789999999999935,0.28500000000000014,0.3930000000000007,0.4009999999999998,332.0,0.117999999999995,1.452,42.0,8.0,54.0,5.0,6.333333333333333,0.0,0,0.35,2025,9,Circuit de Barcelona-Catalunya,8.0
RUS,Mercedes,1.0,1.0,5,Finished,,0,1.0,70.899,0.0,0.0,0.0,0.15099999999999625,0.17800000000000082,0.021000000000000796,0.0,331.0,0.0,0.0,0.0779999999999994,0.03200000000000003,0.0,326.0,0.0,0.068,111.0,4.0,159.0,3.0,7.333333333333333,0.0,0,0.6,2025,10,Circuit Gilles Villeneuve,0.0
VER,Red Bull,2.0,2.0,5,Finished,,0,2.0,71.059,0.16,0.0,0.0,0.27299999999999613,0.1130000000000031,0.14499999999999957,0.06300000000000239,334.0,0.0,0.5429999999999922,0.1319999999999979,0.1670000000000016,0.19200000000000017,327.0,0.0,0.19,137.0,3.0,144.0,4.0,5.0,0.0,0,0.6,2025,10,Circuit Gilles Villeneuve,0.0
ANT,Mercedes,3.0,4.0,5,Finished,,0,4.0,71.391,0.492,0.492,0.0,0.5489999999999924,0.2630000000000017,0.2680000000000007,0.15900000000000247,326.0,0.39799999999999613,0.2879999999999967,0.17800000000000082,0.07400000000000162,0.14599999999999724,325.0,0.2879999999999967,0.527,48.0,7.0,159.0,3.0,18.333333333333332,0.6666666666666666,0,0.6,2025,10,Circuit Gilles Villeneuve,-1.0
PIA,McLaren,4.0,3.0,5,Finished,,0,3.0,71.12,0.221,0.0,0.0,0.7199999999999989,0.24400000000000333,0.20599999999999952,0.1650000000000027,330.0,0.7199999999999989,0.43899999999999295,0.14699999999999847,0.1720000000000006,0.14099999999999824,327.0,0.41100000000000136,0.484,186.0,1.0,362.0,1.0,2.3333333333333335,0.0,0,0.6,2025,10,Circuit Gilles Villeneuve,1.0
LEC,Ferrari,5.0,8.0,5,Finished,,0,8.0,71.626,0.727,0.1,0.0,0.07799999999998875,0.0,0.1460000000000008,0.0730000000000004,333.0,0.0,0.5854999999999961,0.1485000000000003,0.22600000000000087,0.2579999999999991,325.0,0.0,0.088,94.0,5.0,165.0,2.0,3.6666666666666665,0.0,0,0.6,2025,10,Circuit Gilles Villeneuve,-3.0
HAM,Ferrari,6.0,5.0,5,Finished,,0,5.0,71.526,0.627,0.0,0.0,0.25099999999999056,0.0940000000000012,0.16900000000000048,0.060000000000002274,332.0,0.17300000000000182,0.5300000000000011,0.1490000000000009,0.16000000000000014,0.3009999999999984,324.0,0.0,0.192,71.0,6.0,165.0,2.0,5.0,0.0,0,0.6,2025,10,Circuit Gilles Villeneuve,1.0
ALO,Aston Martin,7.0,6.0,6,Finished,,0,6.0,71.586,0.687,0.0,0.0,0.4479999999999933,0.10300000000000153,0.23999999999999844,0.24600000000000222,330.0,0.0,0.33499999999999375,0.054999999999999716,0.10999999999999943,0.2519999999999989,325.0,0.0,0.458,2.0,18.0,16.0,9.0,13.0,0.3333333333333333,0,0.6,2025,10,Circuit Gilles Villeneuve,1.0
HUL,Kick Sauber,8.0,11.0,5,Finished,,0,11.0,72.183,1.284,0.0,-2.0,1.2729999999999961,0.4620000000000033,0.3999999999999986,0.3450000000000024,325.0,0.0,0.7909999999999968,0.35999999999999943,0.28000000000000114,0.21799999999999997,327.0,0.018000000000000682,0.983,16.0,11.0,16.0,8.0,11.0,0.0,0,0.6,2025,10,Circuit Gilles Villeneuve,-3.0
OCO,Haas F1 Team,9.0,14.0,4,Lapped,,0,14.0,72.378,1.479,0.072,-1.0,1.0279999999999916,0.3680000000000021,0.4399999999999977,0.2630000000000017,322.0,0.001999999999995339,1.0519999999999925,0.16399999999999793,0.5309999999999988,0.3329999999999984,321.0,0.09499999999999886,0.895,20.0,10.0,26.0,7.0,14.333333333333334,0.3333333333333333,0,0.6,2025,10,Circuit Gilles Villeneuve,-5.0
SAI,Williams,10.0,16.0,4,Lapped,,0,16.0,72.398,1.499,0.506,-1.0,0.7199999999999989,0.2920000000000016,0.347999999999999,0.22100000000000009,327.0,0.0,0.5079999999999956,0.11100000000000065,0.1529999999999987,0.2789999999999999,324.0,0.18600000000000705,0.675,12.0,13.0,54.0,5.0,10.666666666666666,0.0,0,0.6,2025,10,Circuit Gilles Villeneuve,-6.0
BEA,Haas F1 Team,11.0,13.0,4,Lapped,,0,13.0,72.306,1.407,0.0,-1.0,1.0259999999999962,0.3930000000000007,0.21199999999999974,0.3950000000000031,324.0,0.0,0.9569999999999936,0.20899999999999963,0.3200000000000003,0.4510000000000005,321.0,0.0,0.844,6.0,16.0,26.0,7.0,15.333333333333334,0.0,0,0.6,2025,10,Circuit Gilles Villeneuve,-2.0
TSU,Red Bull,12.0,18.0,4,Lapped,,0,18.0,72.102,1.203,1.043,7.0,1.7739999999999867,0.6320000000000014,0.5999999999999979,0.5680000000000014,328.0,1.5009999999999906,0.8159999999999883,0.21699999999999875,0.32700000000000173,0.3119999999999976,327.0,0.27299999999999613,1.08,10.0,15.0,144.0,4.0,13.333333333333334,0.0,0,0.6,2025,10,Circuit Gilles Villeneuve,-6.0
COL,Alpine F1 Team,13.0,10.0,4,Lapped,,0,10.0,72.142,1.243,0.0,-2.0,1.2609999999999957,0.4540000000000006,0.39399999999999835,0.5150000000000006,326.0,0.3760000000000048,1.7749999999999915,0.5909999999999975,0.6469999999999985,0.5500000000000007,322.0,1.024000000000001,1.232,0.0,21.0,11.0,10.0,14.666666666666666,0.0,0,0.6,2025,10,Circuit Gilles Villeneuve,3.0
BOR,Kick Sauber,14.0,15.0,4,Lapped,,0,15.0,72.385,1.486,0.202,-1.0,1.3729999999999905,0.5050000000000026,0.45700000000000074,0.4280000000000008,325.0,0.09999999999999432,0.7729999999999961,0.3329999999999984,0.30600000000000094,0.24399999999999977,334.0,0.0,1.096,0.0,19.0,16.0,8.0,14.666666666666666,0.0,0,0.6,2025,10,Circuit Gilles Villeneuve,-1.0
GAS,Alpine F1 Team,15.0,20.0,5,Lapped,,0,20.0,72.667,1.768,0.525,0.0,0.8849999999999909,0.25700000000000145,0.31700000000000017,0.45200000000000173,324.0,0.0,0.7509999999999906,0.1479999999999997,0.3210000000000015,0.26399999999999935,328.0,0.0,0.741,11.0,14.0,11.0,10.0,13.666666666666666,0.3333333333333333,0,0.6,2025,10,Circuit Gilles Villeneuve,-5.0
HAD,Racing Bulls,16.0,12.0,4,Lapped,,0,12.0,71.867,0.968,0.0,3.0,0.8519999999999897,0.32800000000000296,0.379999999999999,0.13300000000000267,326.0,0.0,0.6760000000000019,0.15399999999999991,0.3019999999999996,0.21099999999999852,325.0,0.04800000000000182,0.695,21.0,9.0,0.0,10.0,7.333333333333333,0.0,0,0.6,2025,10,Circuit Gilles Villeneuve,4.0
STR,Aston Martin,17.0,17.0,5,Lapped,,0,17.0,72.517,1.618,0.931,-1.0,0.9949999999999903,0.28500000000000014,0.40199999999999747,0.3100000000000023,329.0,0.546999999999997,0.5854999999999961,0.1485000000000003,0.22600000000000087,0.2579999999999991,325.0,0.0,0.866,14.0,12.0,16.0,9.0,15.0,0.0,0,0.6,2025,10,Circuit Gilles Villeneuve,0.0
NOR,McLaren,18.0,7.0,2,Retired,DNF,1,7.0,71.599,0.7,0.479,0.0,0.0,0.0920000000000023,0.0,0.03900000000000148,327.0,0.0,0.027999999999991587,0.0,0.0779999999999994,0.05999999999999872,324.0,0.0,0.0,176.0,2.0,362.0,1.0,1.6666666666666667,0.0,0,0.6,2025,10,Circuit Gilles Villeneuve,11.0
LAW,Racing Bulls,19.0,19.0,2,Retired,DNF,1,19.0,72.525,1.626,0.658,0.0,0.9919999999999902,0.26200000000000045,0.39199999999999946,0.40600000000000236,326.0,0.14000000000000057,0.6280000000000001,0.038999999999997925,0.3039999999999985,0.3949999999999996,324.0,0.0,0.865,4.0,17.0,0.0,10.0,11.0,0.0,0,0.6,2025,10,Circuit Gilles Villeneuve,0.0
ALB,Williams,20.0,9.0,1,Retired,DNF,1,9.0,71.892,0.993,0.0,-1.0,0.7739999999999867,0.370000000000001,0.1739999999999995,0.2610000000000028,330.0,0.053999999999987836,0.3219999999999885,0.02699999999999747,0.0,0.32399999999999807,325.0,0.0,0.478,42.0,8.0,54.0,5.0,11.0,0.3333333333333333,0,0.6,2025,10,Circuit Gilles Villeneuve,11.0
NOR,McLaren,1.0,1.0,2,Finished,,0,1.0,63.971,0.0,0.0,0.0,0.0,0.0,0.0,0.0,315.0,0.0,0.0,0.0,0.0,0.0,317.0,0.0,0.0,176.0,2.0,374.0,1.0,7.0,0.3333333333333333,0,0.6,2025,11,Red Bull Ring,0.0
PIA,McLaren,2.0,3.0,2,Finished,,0,3.0,64.554,0.583,0.583,0.0,0.117999999999995,0.09500000000000242,0.027000000000001023,0.09299999999999997,315.0,0.117999999999995,0.15699999999999648,0.09700000000000131,0.11400000000000077,0.03200000000000003,318.0,0.15699999999999648,0.215,198.0,1.0,374.0,1.0,2.6666666666666665,0.0,0,0.6,2025,11,Red Bull Ring,-1.0
LEC,Ferrari,3.0,2.0,2,Finished,,0,2.0,64.492,0.521,0.0,0.0,0.25,0.17099999999999937,0.1490000000000009,0.02699999999999747,316.0,0.0,0.6099999999999994,0.28200000000000003,0.23600000000000065,0.17400000000000304,319.0,0.0,0.347,104.0,5.0,183.0,3.0,3.3333333333333335,0.0,0,0.6,2025,11,Red Bull Ring,1.0
HAM,Ferrari,4.0,4.0,2,Finished,,0,4.0,64.582,0.611,0.09,0.0,0.4660000000000082,0.14700000000000202,0.14300000000000068,0.26200000000000045,318.0,0.21600000000000819,0.9309999999999974,0.2959999999999994,0.33300000000000196,0.24600000000000222,316.0,0.32099999999999795,0.552,79.0,6.0,183.0,3.0,5.666666666666667,0.0,0,0.6,2025,11,Red Bull Ring,0.0
RUS,Mercedes,5.0,5.0,2,Finished,,0,5.0,64.763,0.792,0.0,0.0,0.6940000000000026,0.12600000000000122,0.2809999999999988,0.2569999999999979,316.0,0.0,0.6490000000000009,0.17800000000000082,0.245000000000001,0.31200000000000117,317.0,0.0,0.664,136.0,4.0,199.0,2.0,5.333333333333333,0.0,0,0.6,2025,11,Red Bull Ring,0.0
LAW,Racing Bulls,6.0,6.0,1,Finished,,0,6.0,64.926,0.955,0.0,-3.0,0.8580000000000041,0.2839999999999989,0.3240000000000016,0.3230000000000004,313.0,0.0,0.9630000000000081,0.3290000000000006,0.4190000000000005,0.30100000000000193,318.0,0.0,0.931,4.0,18.0,0.0,10.0,12.666666666666666,0.3333333333333333,0,0.6,2025,11,Red Bull Ring,0.0
ALO,Aston Martin,7.0,11.0,1,Lapped,,0,11.0,65.128,1.157,0.0,-1.0,0.9189999999999969,0.06500000000000128,0.4209999999999994,0.4319999999999986,316.0,0.18099999999999739,0.8769999999999953,0.23700000000000188,0.32500000000000284,0.40100000000000335,319.0,0.43499999999998806,0.908,8.0,16.0,22.0,8.0,11.666666666666666,0.3333333333333333,0,0.6,2025,11,Red Bull Ring,-4.0
BOR,Kick Sauber,8.0,8.0,2,Lapped,,0,8.0,64.846,0.875,0.0,1.0,0.8580000000000041,0.2690000000000019,0.24899999999999878,0.3359999999999985,316.0,0.0,0.8310000000000031,0.36100000000000065,0.2190000000000012,0.3370000000000033,318.0,0.0,0.854,0.0,19.0,20.0,9.0,13.333333333333334,0.0,0,0.6,2025,11,Red Bull Ring,0.0
HUL,Kick Sauber,9.0,20.0,2,Lapped,,0,20.0,65.606,1.635,0.76,0.0,0.9590000000000032,0.24200000000000088,0.379999999999999,0.3999999999999986,316.0,0.10099999999999909,1.338000000000008,0.3100000000000023,0.5330000000000013,0.5280000000000022,316.0,0.507000000000005,1.022,20.0,11.0,20.0,9.0,9.666666666666666,0.0,0,0.6,2025,11,Red Bull Ring,-11.0
OCO,Haas F1 Team,10.0,17.0,2,Lapped,,0,17.0,65.364,1.393,0.146,0.0,1.1950000000000074,0.3569999999999993,0.4480000000000004,0.4029999999999987,315.0,0.1530000000000058,1.117999999999995,0.39000000000000057,0.33800000000000097,0.47600000000000264,317.0,0.0,1.184,22.0,9.0,28.0,6.0,10.666666666666666,0.0,0,0.6,2025,11,Red Bull Ring,-7.0
BEA,Haas F1 Team,11.0,15.0,2,Lapped,,0,15.0,65.218,1.247,0.0,1.0,1.0420000000000016,0.2759999999999998,0.4609999999999985,0.384999999999998,314.0,0.0,1.2549999999999955,0.4660000000000011,0.3360000000000021,0.4660000000000011,318.0,0.13700000000000045,1.083,6.0,17.0,28.0,6.0,13.333333333333334,0.0,0,0.6,2025,11,Red Bull Ring,-4.0
HAD,Racing Bulls,12.0,13.0,2,Lapped,,0,13.0,65.063,1.092,0.137,2.0,1.698999999999998,0.23199999999999932,0.25400000000000134,0.5229999999999997,314.0,0.840999999999994,0.9669999999999987,0.37900000000000134,0.3490000000000002,0.32500000000000284,318.0,0.003999999999990678,0.957,21.0,10.0,0.0,10.0,9.666666666666666,0.0,0,0.6,2025,11,Red Bull Ring,-1.0
GAS,Alpine F1 Team,13.0,10.0,2,Lapped,,0,10.0,64.846,0.875,0.0,2.0,1.0420000000000016,0.28699999999999903,0.28699999999999903,0.5429999999999993,315.0,0.0,1.0330000000000013,0.3490000000000002,0.4380000000000024,0.33000000000000185,317.0,0.0,1.05,11.0,14.0,11.0,10.0,14.333333333333334,0.3333333333333333,0,0.6,2025,11,Red Bull Ring,3.0
STR,Aston Martin,14.0,16.0,2,Lapped,,0,16.0,65.329,1.358,0.201,0.0,0.7379999999999995,0.16499999999999915,0.3260000000000005,0.34399999999999764,318.0,0.0,0.4420000000000073,0.14000000000000057,0.07500000000000284,0.3130000000000024,319.0,0.0,0.67,14.0,12.0,22.0,8.0,16.0,0.0,0,0.6,2025,11,Red Bull Ring,-2.0
COL,Alpine F1 Team,15.0,14.0,2,Lapped,,0,14.0,65.278,1.307,0.432,-1.0,1.2220000000000084,0.347999999999999,0.2989999999999995,0.6720000000000006,316.0,0.18000000000000682,1.5960000000000036,0.5890000000000022,0.5360000000000014,0.5450000000000017,315.0,0.5630000000000024,1.319,0.0,20.0,11.0,10.0,13.666666666666666,0.0,0,0.6,2025,11,Red Bull Ring,1.0
TSU,Red Bull,16.0,18.0,3,Lapped,,0,18.0,65.369,1.398,0.533,0.0,0.8149999999999977,0.1700000000000017,0.4710000000000001,0.27099999999999724,318.0,0.6049999999999898,0.7120000000000033,0.28000000000000114,0.20300000000000296,0.3150000000000013,318.0,0.39400000000000546,0.73,10.0,15.0,162.0,4.0,14.0,0.0,0,0.6,2025,11,Red Bull Ring,-2.0
ALB,Williams,17.0,12.0,1,Retired,DNF,1,12.0,65.143,1.172,0.0,-1.0,0.9899999999999949,0.18900000000000006,0.44099999999999895,0.4089999999999989,315.0,0.0,1.1850000000000023,0.365000000000002,0.3370000000000033,0.5040000000000013,317.0,0.0,1.021,42.0,8.0,55.0,5.0,16.0,0.6666666666666666,0,0.6,2025,11,Red Bull Ring,5.0
VER,Red Bull,18.0,7.0,1,Retired,DNF,1,7.0,64.836,0.865,0.0,1.0,0.21000000000000796,0.10900000000000176,0.12300000000000111,0.07499999999999929,316.0,0.0,0.31799999999999784,0.0990000000000002,0.17400000000000304,0.13100000000000023,319.0,0.0,0.307,155.0,3.0,162.0,4.0,5.333333333333333,0.0,0,0.6,2025,11,Red Bull Ring,11.0
ANT,Mercedes,19.0,9.0,1,Retired,DNF,1,9.0,65.052,1.081,0.289,-1.0,0.7289999999999992,0.10200000000000031,0.3069999999999986,0.2759999999999998,317.0,0.03499999999999659,0.9570000000000078,0.2710000000000008,0.4650000000000034,0.30700000000000216,319.0,0.30800000000000693,0.685,63.0,7.0,199.0,2.0,13.0,0.3333333333333333,0,0.6,2025,11,Red Bull Ring,10.0
SAI,Williams,20.0,19.0,1,Did not start,DNS,1,19.0,65.582,1.611,0.439,0.0,1.0019999999999953,0.1880000000000024,0.36599999999999966,0.4609999999999985,319.0,0.012000000000000455,1.2339999999999947,0.33399999999999963,0.3550000000000004,0.5620000000000012,315.0,0.04899999999999238,1.015,13.0,13.0,55.0,5.0,11.333333333333334,0.0,0,0.6,2025,11,Red Bull Ring,1.0
NOR,McLaren,1.0,3.0,2,Finished,,0,3.0,85.01,0.118,0.015,0.0,0.10799999999998988,0.1930000000000014,0.05299999999999727,0.038000000000000256,317.0,0.03999999999999204,0.0,0.0,0.03999999999999915,0.0,319.0,0.0,0.071,201.0,2.0,417.0,1.0,7.0,0.3333333333333333,0,0.65,2025,12,Silverstone Circuit,-2.0
PIA,McLaren,2.0,2.0,2,Finished,,0,2.0,84.995,0.103,0.0,0.0,0.06799999999999784,0.19000000000000128,0.05399999999999494,0.0,318.0,0.0,0.46999999999999886,0.05700000000000216,0.28600000000000136,0.07099999999999795,319.0,0.46999999999999886,0.068,216.0,1.0,417.0,1.0,2.3333333333333335,0.0,0,0.65,2025,12,Silverstone Circuit,0.0
HUL,Kick Sauber,3.0,19.0,2,Finished,,0,19.0,86.574,1.682,0.128,0.0,1.0009999999999906,0.2710000000000008,0.5309999999999988,0.375,317.0,0.0,1.3490000000000038,0.23400000000000176,0.6880000000000024,0.4269999999999996,318.0,0.2610000000000099,1.001,22.0,10.0,26.0,9.0,7.333333333333333,0.0,0,0.65,2025,12,Silverstone Circuit,-16.0
HAM,Ferrari,4.0,5.0,2,Finished,,0,5.0,85.084,0.192,0.0,0.0,0.833999999999989,0.21699999999999875,0.4509999999999934,0.21000000000000085,325.0,0.833999999999989,0.30100000000000193,0.06300000000000239,0.21300000000000097,0.06500000000000128,321.0,0.07900000000000773,0.523,91.0,6.0,210.0,2.0,5.333333333333333,0.0,0,0.65,2025,12,Silverstone Circuit,-1.0
VER,Red Bull,5.0,1.0,2,Finished,,0,1.0,84.892,0.0,0.0,0.0,0.08699999999998909,0.01600000000000179,0.06700000000000017,0.17999999999999972,325.0,0.0,0.49799999999999045,0.08800000000000097,0.37599999999999767,0.07399999999999807,324.0,0.0,0.087,155.0,3.0,162.0,4.0,10.0,0.3333333333333333,0,0.65,2025,12,Silverstone Circuit,4.0
GAS,Alpine F1 Team,6.0,8.0,2,Finished,,0,8.0,85.711,0.819,0.0,-2.0,2.3799999999999955,0.7169999999999987,1.0799999999999983,0.6730000000000018,317.0,0.2810000000000059,1.358000000000004,0.3000000000000007,0.6709999999999994,0.4269999999999996,321.0,0.0,1.676,11.0,16.0,11.0,10.0,12.0,0.0,0,0.65,2025,12,Silverstone Circuit,-2.0
STR,Aston Martin,7.0,17.0,3,Finished,,0,17.0,86.504,1.612,0.911,-1.0,2.1019999999999897,0.6799999999999997,0.9799999999999969,0.5410000000000004,321.0,0.7059999999999889,0.6140000000000043,0.1490000000000009,0.4309999999999974,0.07399999999999807,320.0,0.0,0.932,14.0,12.0,28.0,8.0,15.5,0.0,0,0.65,2025,12,Silverstone Circuit,-10.0
ALB,Williams,8.0,13.0,2,Finished,,0,13.0,85.889,0.997,0.143,-1.0,0.6209999999999951,0.053000000000000824,0.35899999999999466,0.3769999999999989,322.0,0.0,1.024000000000001,0.1509999999999998,0.4889999999999972,0.3200000000000003,319.0,0.0,0.613,42.0,8.0,55.0,5.0,18.666666666666668,1.0,0,0.65,2025,12,Silverstone Circuit,-5.0
ALO,Aston Martin,9.0,7.0,2,Finished,,0,7.0,85.593,0.701,0.0,-2.0,1.3960000000000008,0.6269999999999989,0.5699999999999932,0.3569999999999993,320.0,0.0,1.0600000000000023,0.22300000000000253,0.4350000000000023,0.3299999999999983,320.0,0.44599999999999795,1.054,14.0,13.0,28.0,8.0,7.666666666666667,0.0,0,0.65,2025,12,Silverstone Circuit,2.0
RUS,Mercedes,10.0,4.0,3,Finished,,0,4.0,85.029,0.137,0.0,0.0,0.6269999999999953,0.34299999999999997,0.27599999999999625,0.18200000000000216,323.0,0.0,0.7069999999999936,0.1980000000000004,0.35600000000000165,0.1529999999999987,322.0,0.14000000000000057,0.625,146.0,4.0,209.0,3.0,3.3333333333333335,0.0,0,0.65,2025,12,Silverstone Circuit,6.0
BEA,Haas F1 Team,11.0,18.0,3,Finished,,0,18.0,85.471,0.579,0.0,10.0,0.6139999999999901,0.13100000000000023,0.11499999999999488,0.3460000000000001,318.0,0.0,1.4099999999999966,0.6140000000000008,0.5790000000000006,0.25700000000000145,319.0,0.2849999999999966,0.416,6.0,18.0,29.0,7.0,13.0,0.0,0,0.65,2025,12,Silverstone Circuit,-7.0
SAI,Williams,12.0,9.0,2,Finished,,0,9.0,85.746,0.854,0.0,-2.0,0.833999999999989,0.0,0.4719999999999942,0.5169999999999995,323.0,0.21299999999999386,1.3430000000000035,0.2190000000000012,0.6389999999999958,0.4740000000000002,320.0,0.3190000000000026,0.813,13.0,14.0,55.0,5.0,14.666666666666666,0.0,0,0.65,2025,12,Silverstone Circuit,3.0
OCO,Haas F1 Team,13.0,14.0,2,Finished,,0,14.0,85.95,1.058,0.479,-1.0,0.8789999999999907,0.13200000000000145,0.4399999999999977,0.48300000000000054,320.0,0.26500000000000057,1.125,0.22600000000000264,0.48499999999999943,0.4540000000000006,318.0,0.0,0.879,23.0,9.0,29.0,7.0,11.666666666666666,0.0,0,0.65,2025,12,Silverstone Circuit,-1.0
LEC,Ferrari,14.0,6.0,3,Finished,,0,6.0,85.121,0.229,0.037,0.0,0.0,0.0259999999999998,0.0,0.15000000000000213,320.0,0.0,0.2219999999999942,0.10700000000000287,0.0,0.09299999999999997,322.0,0.0,0.0,119.0,5.0,210.0,2.0,3.6666666666666665,0.0,0,0.65,2025,12,Silverstone Circuit,8.0
TSU,Red Bull,15.0,11.0,2,Lapped,,0,11.0,85.826,0.934,0.934,-1.0,0.6059999999999945,0.1529999999999987,0.1939999999999955,0.4349999999999987,328.0,0.5190000000000055,1.1640000000000015,0.3360000000000021,0.6989999999999981,0.16900000000000048,322.0,0.666000000000011,0.579,10.0,17.0,162.0,4.0,13.666666666666666,0.0,0,0.65,2025,12,Silverstone Circuit,4.0
ANT,Mercedes,16.0,10.0,3,Retired,DNF,1,10.0,85.374,0.482,0.345,3.0,0.9239999999999924,0.1269999999999989,0.4759999999999991,0.31899999999999906,318.0,0.29699999999999704,0.5669999999999931,0.10900000000000176,0.26599999999999824,0.23199999999999932,319.0,0.0,0.595,63.0,7.0,209.0,3.0,13.333333333333334,0.6666666666666666,0,0.65,2025,12,Silverstone Circuit,6.0
HAD,Racing Bulls,17.0,12.0,2,Retired,DNF,1,12.0,85.864,0.972,0.0,-1.0,0.6310000000000002,0.28500000000000014,0.28599999999999426,0.23600000000000065,318.0,0.0,0.7079999999999984,0.24099999999999966,0.42900000000000205,0.0779999999999994,319.0,0.0,0.631,21.0,11.0,0.0,10.0,11.666666666666666,0.0,0,0.65,2025,12,Silverstone Circuit,5.0
BOR,Kick Sauber,18.0,16.0,1,Retired,DNF,1,16.0,86.446,1.554,0.0,-1.0,1.0030000000000001,0.3999999999999986,0.2569999999999979,0.522000000000002,322.0,0.0020000000000095497,1.0879999999999939,0.16400000000000148,0.5889999999999986,0.375,322.0,0.0,0.923,4.0,19.0,26.0,9.0,11.333333333333334,0.0,0,0.65,2025,12,Silverstone Circuit,2.0
LAW,Racing Bulls,19.0,15.0,1,Retired,DNF,1,15.0,86.44,1.548,0.576,-1.0,0.7579999999999956,0.2079999999999984,0.39799999999999613,0.3279999999999994,318.0,0.12699999999999534,0.8079999999999927,0.240000000000002,0.41100000000000136,0.19699999999999918,320.0,0.09999999999999432,0.758,12.0,15.0,0.0,10.0,12.0,0.3333333333333333,0,0.65,2025,12,Silverstone Circuit,4.0
COL,Alpine F1 Team,20.0,20.0,1,Did not start,DNS,1,20.0,87.06,2.168,1.349,0.0,2.0989999999999895,0.5330000000000013,1.0399999999999991,0.6769999999999996,320.0,0.0,1.472999999999999,0.4450000000000003,0.7680000000000007,0.29799999999999827,322.0,0.11499999999999488,1.721,0.0,20.0,11.0,10.0,14.333333333333334,0.0,0,0.65,2025,12,Silverstone Circuit,0.0
PIA,McLaren,1.0,2.0,2,Finished,,0,2.0,100.626,0.064,0.064,0.0,,,,,,,,,,,,,0.0,234.0,1.0,460.0,1.0,2.6666666666666665,0.0,0,0.75,2025,13,Circuit de Spa-Francorchamps,-1.0
NOR,McLaren,2.0,1.0,2,Finished,,0,1.0,100.562,0.0,0.0,0.0,,,,,,,,,,,,,0.386,226.0,2.0,460.0,1.0,6.666666666666667,0.3333333333333333,0,0.75,2025,13,Circuit de Spa-Francorchamps,1.0
LEC,Ferrari,3.0,3.0,2,Finished,,0,3.0,100.9,0.338,0.0,0.0,,,,,,,,,,,,,0.797,119.0,5.0,222.0,2.0,7.333333333333333,0.0,0,0.75,2025,13,Circuit de Spa-Francorchamps,0.0
VER,Red Bull,4.0,4.0,2,Finished,,0,4.0,100.903,0.341,0.0,0.0,,,,,,,,,,,,,0.434,165.0,3.0,172.0,4.0,8.333333333333334,0.3333333333333333,0,0.75,2025,13,Circuit de Spa-Francorchamps,0.0
RUS,Mercedes,5.0,6.0,2,Finished,,0,6.0,101.254,0.692,0.0,-1.0,,,,,,,,,,,,,0.659,147.0,4.0,210.0,3.0,5.333333333333333,0.0,0,0.75,2025,13,Circuit de Spa-Francorchamps,-1.0
ALB,Williams,6.0,5.0,2,Finished,,0,5.0,101.201,0.639,0.0,0.0,,,,,,,,,,,,,1.209,46.0,8.0,59.0,5.0,15.0,0.6666666666666666,0,0.75,2025,13,Circuit de Spa-Francorchamps,1.0
HAM,Ferrari,7.0,18.0,2,Finished,,0,18.0,101.939,1.377,1.039,2.0,,,,,,,,,,,,,1.146,103.0,6.0,222.0,2.0,4.666666666666667,0.0,0,0.75,2025,13,Circuit de Spa-Francorchamps,-11.0
LAW,Racing Bulls,8.0,9.0,2,Finished,,0,9.0,101.297,0.735,0.016,0.0,,,,,,,,,,,,,1.539,12.0,16.0,0.0,10.0,14.666666666666666,0.6666666666666666,0,0.75,2025,13,Circuit de Spa-Francorchamps,-1.0
BOR,Kick Sauber,9.0,10.0,2,Finished,,0,10.0,101.336,0.774,0.0,0.0,,,,,,,,,,,,,1.323,4.0,19.0,41.0,6.0,13.333333333333334,0.3333333333333333,0,0.75,2025,13,Circuit de Spa-Francorchamps,-1.0
GAS,Alpine F1 Team,10.0,13.0,2,Finished,,0,13.0,101.633,1.071,0.0,0.0,,,,,,,,,,,,,1.99,19.0,13.0,19.0,10.0,11.333333333333334,0.0,0,0.75,2025,13,Circuit de Spa-Francorchamps,-3.0
BEA,Haas F1 Team,11.0,12.0,2,Finished,,0,12.0,101.617,1.055,0.092,0.0,,,,,,,,,,,,,2.856,6.0,18.0,29.0,9.0,11.0,0.0,0,0.75,2025,13,Circuit de Spa-Francorchamps,-1.0
HUL,Kick Sauber,12.0,14.0,3,Finished,,0,14.0,101.707,1.145,0.371,-1.0,,,,,,,,,,,,,1.209,37.0,9.0,41.0,6.0,6.666666666666667,0.0,0,0.75,2025,13,Circuit de Spa-Francorchamps,-2.0
TSU,Red Bull,13.0,7.0,2,Finished,,0,7.0,101.245,0.683,0.342,1.0,,,,,,,,,,,,,1.674,10.0,17.0,172.0,4.0,14.333333333333334,0.0,0,0.75,2025,13,Circuit de Spa-Francorchamps,6.0
STR,Aston Martin,14.0,16.0,2,Finished,,0,16.0,102.502,1.94,0.117,-4.0,,,,,,,,,,,,,1.173,20.0,12.0,36.0,8.0,12.666666666666666,0.0,0,0.75,2025,13,Circuit de Spa-Francorchamps,-2.0
OCO,Haas F1 Team,15.0,11.0,2,Finished,,0,11.0,101.525,0.963,0.0,0.0,,,,,,,,,,,,,1.505,23.0,10.0,29.0,9.0,10.666666666666666,0.0,0,0.75,2025,13,Circuit de Spa-Francorchamps,4.0
ANT,Mercedes,16.0,19.0,3,Finished,,0,19.0,102.139,1.577,0.885,1.0,,,,,,,,,,,,,1.04,63.0,7.0,210.0,3.0,12.666666666666666,0.6666666666666666,0,0.75,2025,13,Circuit de Spa-Francorchamps,-3.0
ALO,Aston Martin,17.0,20.0,3,Finished,,0,20.0,102.385,1.823,0.0,1.0,,,,,,,,,,,,,1.181,16.0,14.0,36.0,8.0,7.666666666666667,0.0,0,0.75,2025,13,Circuit de Spa-Francorchamps,-3.0
SAI,Williams,18.0,17.0,3,Finished,,0,17.0,101.691,1.129,0.49,3.0,,,,,,,,,,,,,1.278,13.0,15.0,59.0,5.0,14.0,0.0,0,0.75,2025,13,Circuit de Spa-Francorchamps,1.0
COL,Alpine F1 Team,19.0,15.0,3,Finished,,0,15.0,102.022,1.46,0.389,-2.0,,,,,,,,,,,,,2.908,0.0,20.0,19.0,10.0,16.0,0.0,0,0.75,2025,13,Circuit de Spa-Francorchamps,4.0
HAD,Racing Bulls,20.0,8.0,3,Lapped,,0,8.0,101.281,0.719,0.0,0.0,,,,,,,,,,,,,1.183,21.0,11.0,0.0,10.0,15.0,0.3333333333333333,0,0.75,2025,13,Circuit de Spa-Francorchamps,12.0
NOR,McLaren,1.0,3.0,1,Finished,,0,3.0,74.89,0.0,0.0,2.0,0.031999999999996476,0.09800000000000253,0.038999999999997925,0.0,308.0,0.031999999999996476,0.0,0.03599999999999781,0.0,0.04400000000000048,311.0,0.0,0.032,0.0,20.0,516.0,1.0,1.3333333333333333,0.0,0,0.15,2025,14,Hungaroring,-2.0
PIA,McLaren,2.0,2.0,2,Finished,,0,2.0,74.941,0.051,0.051,0.0,0.0,0.0,0.0,0.10500000000000043,307.0,0.0,0.291000000000011,0.0519999999999996,0.14899999999999736,0.0,309.0,0.291000000000011,0.0,0.0,20.0,516.0,1.0,1.6666666666666667,0.0,0,0.15,2025,14,Hungaroring,0.0
RUS,Mercedes,3.0,4.0,2,Finished,,0,4.0,75.201,0.311,0.0,0.0,0.9240000000000066,0.04299999999999926,0.43900000000000006,0.28000000000000114,313.0,0.09499999999999886,0.7930000000000064,0.12199999999999989,0.4269999999999996,0.2660000000000018,310.0,0.0,0.657,0.0,20.0,220.0,3.0,6.666666666666667,0.0,0,0.15,2025,14,Hungaroring,-1.0
LEC,Ferrari,4.0,1.0,2,Finished,,0,1.0,75.372,0.482,0.0,-5.0,0.3990000000000009,0.0,0.259999999999998,0.24399999999999977,311.0,0.0,0.3990000000000009,0.12300000000000111,0.1509999999999998,0.18599999999999994,311.0,0.0,0.399,0.0,20.0,248.0,2.0,6.666666666666667,0.0,0,0.15,2025,14,Hungaroring,3.0
ALO,Aston Martin,5.0,5.0,1,Finished,,0,5.0,75.281,0.391,0.152,0.0,0.8780000000000001,0.15700000000000003,0.514999999999997,0.31099999999999994,309.0,0.0,0.6090000000000089,0.013999999999999346,0.41300000000000026,0.22600000000000264,309.0,0.11400000000000432,0.878,0.0,20.0,36.0,8.0,11.0,0.0,0,0.15,2025,14,Hungaroring,0.0
BOR,Kick Sauber,6.0,7.0,1,Finished,,0,7.0,75.586,0.696,0.0,-2.0,1.0619999999999976,0.33200000000000074,0.4969999999999999,0.28000000000000114,310.0,0.0,1.3220000000000027,0.3299999999999983,0.6920000000000002,0.38000000000000256,309.0,0.26599999999999113,1.004,0.0,20.0,43.0,6.0,11.666666666666666,0.3333333333333333,0,0.15,2025,14,Hungaroring,-1.0
STR,Aston Martin,7.0,6.0,1,Finished,,0,6.0,75.129,0.239,0.0,3.0,0.9120000000000061,0.20500000000000185,0.3539999999999992,0.33399999999999963,312.0,0.034000000000006025,0.49500000000000455,0.08500000000000085,0.3349999999999973,0.05000000000000071,308.0,0.0,0.777,0.0,20.0,36.0,8.0,11.666666666666666,0.0,0,0.15,2025,14,Hungaroring,1.0
LAW,Racing Bulls,8.0,9.0,1,Finished,,0,9.0,75.63,0.74,0.161,-1.0,1.4549999999999983,0.32700000000000173,0.6859999999999999,0.4170000000000016,306.0,0.0,1.1880000000000024,0.36499999999999844,0.6779999999999973,0.22500000000000142,304.0,0.3849999999999909,1.325,0.0,20.0,0.0,10.0,11.0,0.3333333333333333,0,0.15,2025,14,Hungaroring,-1.0
VER,Red Bull,9.0,8.0,2,Finished,,0,8.0,75.547,0.657,0.0,0.0,1.2460000000000093,0.30900000000000105,0.384999999999998,0.41100000000000136,308.0,0.0,1.1670000000000016,0.384999999999998,0.3979999999999997,0.4640000000000022,305.0,0.3059999999999974,1.0,0.0,20.0,192.0,4.0,9.0,0.3333333333333333,0,0.15,2025,14,Hungaroring,1.0
ANT,Mercedes,10.0,15.0,1,Lapped,,0,15.0,75.782,0.892,0.581,1.0,0.8290000000000077,0.13599999999999923,0.44899999999999807,0.25700000000000145,311.0,0.0,0.8960000000000008,0.20599999999999952,0.4059999999999988,0.21799999999999997,309.0,0.10299999999999443,0.737,0.0,20.0,220.0,3.0,17.0,0.6666666666666666,0,0.15,2025,14,Hungaroring,-5.0
HAD,Racing Bulls,11.0,10.0,1,Lapped,,0,10.0,75.469,0.579,0.0,3.0,2.0400000000000063,0.3949999999999996,0.4839999999999982,0.5310000000000024,306.0,0.585000000000008,0.8030000000000115,0.2779999999999987,0.43799999999999883,0.1670000000000016,305.0,0.0,1.115,0.0,20.0,0.0,10.0,16.333333333333332,0.3333333333333333,0,0.15,2025,14,Hungaroring,1.0
HAM,Ferrari,12.0,12.0,1,Lapped,,0,12.0,75.702,0.812,0.33,-1.0,0.7680000000000007,0.1280000000000001,0.28699999999999903,0.29299999999999926,312.0,0.3689999999999998,0.7049999999999983,0.0,0.2859999999999978,0.3910000000000018,313.0,0.3059999999999974,0.603,0.0,20.0,248.0,2.0,5.0,0.0,0,0.15,2025,14,Hungaroring,0.0
HUL,Kick Sauber,13.0,18.0,2,Lapped,,0,18.0,76.081,1.191,0.495,-1.0,1.1090000000000089,0.22000000000000242,0.44499999999999673,0.3490000000000002,309.0,0.047000000000011255,1.0560000000000116,0.2510000000000012,0.6199999999999974,0.10900000000000176,309.0,0.0,0.909,0.0,20.0,43.0,6.0,8.0,0.0,0,0.15,2025,14,Hungaroring,-5.0
SAI,Williams,14.0,13.0,2,Lapped,,0,13.0,75.652,0.762,0.0,2.0,1.5259999999999962,0.30700000000000216,0.8359999999999985,0.37400000000000233,309.0,0.0,1.25,0.29299999999999926,0.6149999999999984,0.4220000000000006,306.0,0.0,1.412,0.0,20.0,70.0,5.0,16.666666666666668,0.0,0,0.15,2025,14,Hungaroring,1.0
ALB,Williams,15.0,19.0,2,Lapped,,0,19.0,76.223,1.333,0.571,-1.0,1.6140000000000043,0.3880000000000017,0.782,0.5390000000000015,309.0,0.08800000000000807,1.3970000000000056,0.33399999999999963,0.6479999999999997,0.4430000000000014,306.0,0.14700000000000557,1.604,0.0,20.0,70.0,5.0,10.333333333333334,0.3333333333333333,0,0.15,2025,14,Hungaroring,-4.0
OCO,Haas F1 Team,16.0,17.0,1,Lapped,,0,17.0,76.023,1.133,0.329,-1.0,1.615000000000009,0.33000000000000185,0.8489999999999966,0.5410000000000004,309.0,0.4040000000000106,1.0799999999999983,0.277000000000001,0.5589999999999975,0.3240000000000016,308.0,0.13700000000000045,1.615,0.0,20.0,35.0,9.0,12.666666666666666,0.0,0,0.15,2025,14,Hungaroring,-1.0
TSU,Red Bull,17.0,20.0,3,Lapped,,0,20.0,75.899,1.009,0.352,4.0,1.9620000000000033,0.2950000000000017,0.8109999999999999,0.4499999999999993,309.0,0.715999999999994,0.8610000000000042,0.17599999999999838,0.38599999999999923,0.37900000000000134,307.0,0.0,1.328,0.0,20.0,192.0,4.0,14.666666666666666,0.0,0,0.15,2025,14,Hungaroring,-3.0
COL,Alpine F1 Team,18.0,14.0,2,Lapped,,0,14.0,75.875,0.985,0.0,-1.0,1.331000000000003,0.40800000000000125,0.5579999999999998,0.4440000000000026,308.0,0.0,1.5350000000000108,0.402000000000001,0.6269999999999989,0.46499999999999986,309.0,0.11599999999999966,1.305,0.0,20.0,20.0,10.0,18.0,0.0,0,0.15,2025,14,Hungaroring,4.0
GAS,Alpine F1 Team,19.0,16.0,1,Lapped,,0,16.0,75.966,1.076,0.091,-1.0,1.6539999999999964,0.3960000000000008,0.843,0.38500000000000156,308.0,0.3229999999999933,1.4190000000000111,0.379999999999999,0.5809999999999995,0.3049999999999997,307.0,0.0,1.519,0.0,20.0,20.0,10.0,9.666666666666666,0.0,0,0.15,2025,14,Hungaroring,3.0
BEA,Haas F1 Team,20.0,11.0,1,Retired,DNF,1,11.0,75.694,0.804,0.0,-1.0,1.2109999999999985,0.16600000000000037,0.759999999999998,0.39000000000000057,309.0,0.0,0.9429999999999978,0.04499999999999815,0.727999999999998,0.25,308.0,0.0,1.211,0.0,20.0,35.0,9.0,11.0,0.0,0,0.15,2025,14,Hungaroring,9.0
PIA,McLaren,1.0,1.0,2,Finished,,0,1.0,68.662,0.0,0.0,0.0,0.24200000000000443,0.10999999999999943,0.05299999999999727,0.0,324.0,0.24200000000000443,0.08899999999999864,0.010000000000001563,0.0589999999999975,0.0519999999999996,320.0,0.08899999999999864,0.098,284.0,1.0,559.0,1.0,1.6666666666666667,0.0,0,0.3,2025,15,Circuit Park Zandvoort,0.0
VER,Red Bull,2.0,3.0,2,Finished,,0,3.0,68.925,0.263,0.0,0.0,0.953000000000003,0.3689999999999998,0.27399999999999736,0.375,329.0,0.0,0.5879999999999939,0.2989999999999995,0.14499999999999957,0.17599999999999838,330.0,0.0,0.953,187.0,3.0,194.0,4.0,6.0,0.0,0,0.3,2025,15,Circuit Park Zandvoort,-1.0
HAD,Racing Bulls,3.0,4.0,2,Finished,,0,4.0,69.208,0.546,0.0,0.0,1.1940000000000026,0.4140000000000015,0.44200000000000017,0.39199999999999946,328.0,0.0,1.1899999999999977,0.33200000000000074,0.4309999999999974,0.34999999999999787,325.0,0.0,1.183,22.0,13.0,0.0,10.0,16.0,0.3333333333333333,0,0.3,2025,15,Circuit Park Zandvoort,-1.0
RUS,Mercedes,4.0,5.0,2,Finished,,0,5.0,69.255,0.593,0.0,0.0,0.8860000000000099,0.4299999999999997,0.23999999999999844,0.28100000000000236,325.0,0.0,0.38400000000000034,0.20400000000000063,0.06299999999999883,0.1490000000000009,324.0,0.0,0.886,172.0,4.0,236.0,3.0,6.0,0.0,0,0.3,2025,15,Circuit Park Zandvoort,-1.0
ALB,Williams,5.0,15.0,2,Finished,,0,15.0,69.652,0.99,0.18,0.0,1.1270000000000095,0.4660000000000011,0.5019999999999989,0.2240000000000002,327.0,0.18600000000000705,1.8659999999999997,0.4930000000000021,0.7089999999999996,0.6289999999999978,323.0,0.07399999999999807,1.127,54.0,8.0,70.0,5.0,9.666666666666666,0.0,0,0.3,2025,15,Circuit Park Zandvoort,-10.0
BEA,Haas F1 Team,6.0,20.0,2,Finished,,0,20.0,70.262,1.6,0.065,1.0,1.6230000000000047,0.6060000000000016,0.5789999999999971,0.33500000000000085,326.0,0.0,1.222999999999999,0.33200000000000074,0.5180000000000007,0.3550000000000004,325.0,0.0,1.455,8.0,19.0,35.0,9.0,14.0,0.3333333333333333,0,0.3,2025,15,Circuit Park Zandvoort,-14.0
STR,Aston Martin,7.0,19.0,2,Finished,,0,19.0,69.472,0.81,0.0,0.0,1.1310000000000002,0.5300000000000011,0.4569999999999972,0.20899999999999963,329.0,0.0,2.0849999999999937,0.6189999999999998,0.7689999999999984,0.7289999999999992,325.0,1.9979999999999905,1.131,26.0,12.0,52.0,6.0,9.333333333333334,0.0,0,0.3,2025,15,Circuit Park Zandvoort,-12.0
ALO,Aston Martin,8.0,10.0,2,Finished,,0,10.0,69.366,0.704,0.0,2.0,1.2600000000000051,0.5079999999999991,0.39199999999999946,0.4250000000000007,329.0,0.1290000000000049,0.0870000000000033,0.0,0.0,0.11100000000000065,328.0,0.0,0.987,26.0,11.0,52.0,6.0,10.333333333333334,0.0,0,0.3,2025,15,Circuit Park Zandvoort,-2.0
TSU,Red Bull,9.0,12.0,2,Finished,,0,12.0,69.622,0.96,0.697,0.0,1.3770000000000095,0.48900000000000077,0.5329999999999977,0.4200000000000017,326.0,0.4240000000000066,0.9050000000000011,0.18299999999999983,0.39699999999999847,0.3569999999999993,326.0,0.3170000000000073,1.377,10.0,18.0,194.0,4.0,15.0,0.0,0,0.3,2025,15,Circuit Park Zandvoort,-3.0
OCO,Haas F1 Team,10.0,18.0,1,Finished,,0,18.0,70.197,1.535,0.0,0.0,1.8290000000000077,0.7040000000000006,0.7270000000000003,0.43700000000000117,325.0,0.20600000000000307,1.4710000000000036,0.5429999999999993,0.5440000000000005,0.34999999999999787,325.0,0.24800000000000466,1.8,27.0,10.0,35.0,9.0,14.666666666666666,0.0,0,0.3,2025,15,Circuit Park Zandvoort,-8.0
COL,Alpine F1 Team,11.0,16.0,3,Finished,,0,16.0,70.104,1.442,0.467,0.0,2.082000000000008,0.8350000000000009,0.5879999999999974,0.6479999999999997,323.0,0.09100000000000819,1.066999999999993,0.4220000000000006,0.33399999999999963,0.34299999999999997,326.0,0.0,1.932,0.0,20.0,20.0,10.0,19.0,0.0,0,0.3,2025,15,Circuit Park Zandvoort,-5.0
LAW,Racing Bulls,12.0,8.0,3,Finished,,0,8.0,69.383,0.721,0.175,-1.0,1.328000000000003,0.5169999999999995,0.5619999999999976,0.31400000000000006,327.0,0.13400000000000034,1.448999999999998,0.4239999999999995,0.6080000000000005,0.44899999999999807,326.0,0.0,1.328,20.0,15.0,0.0,10.0,11.666666666666666,0.3333333333333333,0,0.3,2025,15,Circuit Park Zandvoort,4.0
SAI,Williams,13.0,9.0,4,Finished,,0,9.0,69.472,0.81,0.0,-1.0,0.9410000000000025,0.3979999999999997,0.29299999999999926,0.3150000000000013,326.0,0.0,1.7920000000000016,0.42600000000000193,0.7360000000000007,0.661999999999999,324.0,0.0,0.941,16.0,16.0,70.0,5.0,14.666666666666666,0.0,0,0.3,2025,15,Circuit Park Zandvoort,4.0
HUL,Kick Sauber,14.0,17.0,2,Finished,,0,17.0,70.195,1.533,0.573,0.0,1.6270000000000095,0.7830000000000013,0.5150000000000006,0.30900000000000105,327.0,0.23799999999999955,1.1899999999999977,0.6240000000000023,0.25,0.2789999999999999,329.0,0.0,1.457,37.0,9.0,51.0,7.0,9.333333333333334,0.0,0,0.3,2025,15,Circuit Park Zandvoort,-3.0
BOR,Kick Sauber,15.0,13.0,2,Finished,,0,13.0,69.622,0.96,0.0,0.0,1.38900000000001,0.5790000000000006,0.5129999999999981,0.3620000000000019,324.0,0.0,1.4299999999999926,0.6630000000000003,0.34499999999999886,0.4540000000000006,323.0,0.23999999999999488,1.389,14.0,17.0,51.0,7.0,11.0,0.3333333333333333,0,0.3,2025,15,Circuit Park Zandvoort,2.0
ANT,Mercedes,16.0,11.0,3,Finished,,0,11.0,69.493,0.831,0.238,0.0,1.7250000000000085,0.6479999999999997,0.3739999999999988,0.4239999999999995,327.0,0.8389999999999986,1.2950000000000017,0.31200000000000117,0.4309999999999974,0.5470000000000006,325.0,0.9110000000000014,1.381,64.0,7.0,236.0,3.0,14.0,0.3333333333333333,0,0.3,2025,15,Circuit Park Zandvoort,5.0
GAS,Alpine F1 Team,17.0,14.0,1,Finished,,0,14.0,69.637,0.975,0.0,0.0,1.9909999999999997,0.8449999999999989,0.6109999999999971,0.6000000000000014,321.0,0.0,2.2319999999999993,1.0100000000000016,0.5599999999999987,0.6329999999999991,321.0,1.1650000000000063,1.991,20.0,14.0,20.0,10.0,11.666666666666666,0.0,0,0.3,2025,15,Circuit Park Zandvoort,3.0
NOR,McLaren,18.0,2.0,2,Retired,DNF,1,2.0,68.674,0.012,0.012,0.0,0.0,0.0,0.0,0.06500000000000128,323.0,0.0,0.0,0.027000000000001023,0.004999999999999005,0.0,323.0,0.0,0.0,275.0,2.0,559.0,1.0,1.3333333333333333,0.0,0,0.3,2025,15,Circuit Park Zandvoort,16.0
LEC,Ferrari,19.0,6.0,1,Retired,DNF,1,6.0,69.304,0.642,0.043,-1.0,0.9660000000000082,0.4460000000000015,0.3089999999999975,0.26399999999999935,325.0,0.0,0.9440000000000026,0.22800000000000153,0.5500000000000007,0.13899999999999935,325.0,0.09600000000000364,0.954,151.0,5.0,260.0,2.0,7.0,0.0,0,0.3,2025,15,Circuit Park Zandvoort,13.0
HAM,Ferrari,20.0,7.0,1,Retired,DNF,1,7.0,69.261,0.599,0.0,1.0,1.4010000000000105,0.6430000000000007,0.41499999999999915,0.40800000000000125,322.0,0.4350000000000023,0.847999999999999,0.120000000000001,0.46699999999999875,0.29299999999999926,325.0,0.0,1.325,109.0,6.0,260.0,2.0,7.666666666666667,0.0,0,0.3,2025,15,Circuit Park Zandvoort,13.0
VER,Red Bull,1.0,1.0,1,Finished,,0,1.0,78.792,0.0,0.0,0.0,0.1670000000000016,0.2920000000000016,0.13799999999999812,0.06500000000000128,354.0,0.0,0.19899999999999807,0.24600000000000222,0.04199999999999804,0.10799999999999699,349.0,0.0,0.119,205.0,3.0,214.0,4.0,5.0,0.0,0,0.65,2025,16,Autodromo Nazionale di Monza,0.0
NOR,McLaren,2.0,2.0,1,Finished,,0,2.0,78.869,0.077,0.0,0.0,0.0,0.3760000000000012,0.0,0.0,340.0,0.0,0.0,0.18200000000000216,0.0,0.0,337.0,0.0,0.0,275.0,2.0,584.0,1.0,7.0,0.3333333333333333,0,0.65,2025,16,Autodromo Nazionale di Monza,0.0
PIA,McLaren,3.0,3.0,1,Finished,,0,3.0,78.982,0.19,0.113,0.0,0.16499999999999204,0.3500000000000014,0.12299999999999756,0.05900000000000105,339.0,0.16499999999999204,0.18099999999999739,0.2530000000000001,0.10199999999999676,0.04999999999999716,345.0,0.18099999999999739,0.156,309.0,1.0,584.0,1.0,1.3333333333333333,0.0,0,0.65,2025,16,Autodromo Nazionale di Monza,0.0
LEC,Ferrari,4.0,4.0,1,Finished,,0,4.0,79.007,0.215,0.0,0.0,0.021000000000000796,0.0,0.28800000000000026,0.1440000000000019,352.0,0.0,0.08299999999999841,0.12600000000000122,0.18099999999999739,0.00999999999999801,343.0,0.0,0.056,151.0,5.0,260.0,2.0,8.666666666666666,0.3333333333333333,0,0.65,2025,16,Autodromo Nazionale di Monza,0.0
RUS,Mercedes,5.0,5.0,1,Finished,,0,5.0,79.157,0.365,0.0,-1.0,0.1839999999999975,0.35300000000000153,0.2079999999999984,0.014000000000002899,341.0,0.0,0.39799999999999613,0.3049999999999997,0.08099999999999952,0.1739999999999995,343.0,0.0,0.199,184.0,4.0,248.0,3.0,4.0,0.0,0,0.65,2025,16,Autodromo Nazionale di Monza,0.0
HAM,Ferrari,6.0,10.0,1,Finished,,0,10.0,79.124,0.332,0.117,5.0,0.2669999999999959,0.125,0.389999999999997,0.13700000000000045,348.0,0.2459999999999951,0.19199999999999307,0.0,0.19499999999999673,0.2339999999999982,341.0,0.10899999999999466,0.276,109.0,6.0,260.0,2.0,13.0,0.3333333333333333,0,0.65,2025,16,Autodromo Nazionale di Monza,-4.0
ALB,Williams,7.0,14.0,1,Finished,,0,14.0,79.583,0.791,0.055,0.0,0.3889999999999958,0.23200000000000287,0.3019999999999996,0.23400000000000176,343.0,0.0,0.30100000000000193,0.2640000000000029,0.16699999999999804,0.10699999999999932,342.0,0.2049999999999983,0.392,64.0,8.0,80.0,5.0,8.666666666666666,0.0,0,0.65,2025,16,Autodromo Nazionale di Monza,-7.0
BOR,Kick Sauber,8.0,7.0,1,Finished,,0,7.0,79.323,0.531,0.0,-1.0,0.22700000000000387,0.08400000000000318,0.3949999999999996,0.15400000000000347,350.0,0.0,0.5969999999999942,0.11500000000000199,0.29199999999999804,0.30299999999999727,347.0,0.23399999999999466,0.257,14.0,18.0,51.0,8.0,10.0,0.0,0,0.65,2025,16,Autodromo Nazionale di Monza,1.0
ANT,Mercedes,9.0,6.0,1,Finished,,0,6.0,79.2,0.408,0.043,-1.0,0.3649999999999949,0.2890000000000015,0.36699999999999733,0.11900000000000333,345.0,0.18099999999999739,1.4890000000000043,0.5850000000000009,0.5589999999999975,0.5819999999999972,338.0,1.0910000000000082,0.399,64.0,7.0,248.0,3.0,14.0,0.0,0,0.65,2025,16,Autodromo Nazionale di Monza,3.0
HAD,Racing Bulls,10.0,19.0,2,Finished,,0,19.0,79.917,1.125,0.0,3.0,0.27199999999999136,0.142000000000003,0.3089999999999975,0.1930000000000014,347.0,0.0,0.5049999999999955,0.3810000000000002,0.17999999999999972,0.18099999999999739,338.0,0.0,0.268,37.0,10.0,0.0,10.0,11.333333333333334,0.0,0,0.65,2025,16,Autodromo Nazionale di Monza,-9.0
SAI,Williams,11.0,13.0,1,Finished,,0,13.0,79.528,0.736,0.0,0.0,0.5759999999999934,0.21000000000000085,0.38400000000000034,0.2970000000000006,345.0,0.1869999999999976,0.09600000000000364,0.11100000000000065,0.015999999999998238,0.17499999999999716,341.0,0.0,0.47,16.0,17.0,80.0,5.0,15.0,0.0,0,0.65,2025,16,Autodromo Nazionale di Monza,-2.0
BEA,Haas F1 Team,12.0,11.0,1,Finished,,0,11.0,79.446,0.654,0.0,0.0,0.8780000000000001,0.3260000000000005,0.46999999999999886,0.4720000000000013,345.0,0.0,0.7289999999999992,0.20800000000000196,0.22099999999999653,0.5259999999999998,341.0,0.0,0.892,16.0,16.0,44.0,9.0,12.333333333333334,0.3333333333333333,0,0.65,2025,16,Autodromo Nazionale di Monza,1.0
TSU,Red Bull,13.0,9.0,1,Finished,,0,9.0,79.433,0.641,0.641,-1.0,0.7279999999999944,0.37900000000000134,0.34499999999999886,0.33800000000000097,346.0,0.5609999999999928,0.39100000000000534,0.2170000000000023,0.18599999999999994,0.22499999999999787,343.0,0.19200000000000728,0.686,12.0,19.0,214.0,4.0,13.0,0.0,0,0.65,2025,16,Autodromo Nazionale di Monza,4.0
LAW,Racing Bulls,14.0,18.0,1,Finished,,0,18.0,80.279,1.487,0.362,-2.0,0.8010000000000019,0.25200000000000244,0.6329999999999991,0.32700000000000173,346.0,0.5290000000000106,0.9330000000000069,0.4190000000000005,0.3049999999999997,0.42499999999999716,335.0,0.4280000000000115,0.831,20.0,15.0,0.0,10.0,9.333333333333334,0.0,0,0.65,2025,16,Autodromo Nazionale di Monza,-4.0
OCO,Haas F1 Team,15.0,15.0,1,Lapped,,0,15.0,79.707,0.915,0.261,0.0,0.972999999999999,0.3520000000000003,0.6069999999999993,0.38500000000000156,345.0,0.09499999999999886,0.7759999999999962,0.23700000000000188,0.3409999999999975,0.4349999999999987,341.0,0.046999999999997044,0.968,28.0,13.0,44.0,9.0,13.666666666666666,0.0,0,0.65,2025,16,Autodromo Nazionale di Monza,0.0
GAS,Alpine F1 Team,16.0,20.0,2,Lapped,,0,20.0,80.103,1.311,0.111,1.0,0.9159999999999968,0.40700000000000003,0.4809999999999981,0.3180000000000014,345.0,0.21299999999999386,1.2240000000000038,0.48200000000000287,0.5269999999999975,0.4519999999999982,341.0,0.0,0.83,20.0,14.0,20.0,10.0,15.333333333333334,0.0,0,0.65,2025,16,Autodromo Nazionale di Monza,-4.0
COL,Alpine F1 Team,17.0,17.0,1,Lapped,,0,17.0,79.992,1.2,0.0,-1.0,0.703000000000003,0.42400000000000304,0.3619999999999983,0.25800000000000267,342.0,0.0,1.6859999999999928,0.5960000000000001,0.48499999999999943,0.6759999999999984,338.0,0.4619999999999891,0.668,0.0,20.0,20.0,10.0,16.0,0.0,0,0.65,2025,16,Autodromo Nazionale di Monza,0.0
STR,Aston Martin,18.0,16.0,1,Lapped,,0,16.0,79.948,1.156,0.586,-1.0,0.9159999999999968,0.3440000000000012,0.46399999999999864,0.3990000000000009,344.0,0.3859999999999957,0.6500000000000057,0.19700000000000273,0.2889999999999979,0.27099999999999724,341.0,0.0,0.831,32.0,11.0,62.0,6.0,9.333333333333334,0.0,0,0.65,2025,16,Autodromo Nazionale di Monza,2.0
ALO,Aston Martin,19.0,8.0,1,Retired,DNF,1,8.0,79.362,0.57,0.0,-1.0,0.5300000000000011,0.3240000000000016,0.3619999999999983,0.2240000000000002,348.0,0.0,0.7669999999999959,0.23400000000000176,0.31999999999999673,0.39099999999999824,343.0,0.11699999999999022,0.534,30.0,12.0,62.0,6.0,10.0,0.0,0,0.65,2025,16,Autodromo Nazionale di Monza,11.0
HUL,Kick Sauber,20.0,12.0,1,Did not start,DNS,1,12.0,79.498,0.706,0.175,0.0,0.4059999999999917,0.06300000000000239,0.5459999999999994,0.10900000000000176,351.0,0.17899999999998784,0.36299999999999955,0.21199999999999974,0.1629999999999967,0.22499999999999787,342.0,0.0,0.282,37.0,9.0,51.0,8.0,13.0,0.0,0,0.65,2025,16,Autodromo Nazionale di Monza,8.0
VER,Red Bull,1.0,1.0,1,Finished,,0,1.0,101.117,0.0,0.0,0.0,0.2219999999999942,0.021000000000000796,0.29299999999999926,0.13400000000000034,322.0,0.0,0.6089999999999947,0.1699999999999946,0.2809999999999988,0.3409999999999975,322.0,0.0,0.219,230.0,3.0,239.0,4.0,4.0,0.0,1,0.55,2025,17,Baku City Circuit,0.0
RUS,Mercedes,2.0,5.0,1,Finished,,0,5.0,101.455,0.338,0.0,1.0,0.7409999999999997,0.5200000000000031,0.22999999999999687,0.06299999999999883,326.0,0.08799999999999386,0.47699999999998965,0.22699999999999676,0.2909999999999968,0.29799999999999827,326.0,0.0,0.356,194.0,4.0,260.0,3.0,4.0,0.0,1,0.55,2025,17,Baku City Circuit,-3.0
SAI,Williams,3.0,2.0,1,Finished,,0,2.0,101.595,0.478,0.0,-6.0,1.2630000000000052,0.3790000000000049,0.5189999999999984,0.3589999999999982,321.0,0.5030000000000001,0.9619999999999891,0.48799999999999955,0.2920000000000016,0.3739999999999988,323.0,0.07799999999998875,0.836,16.0,18.0,86.0,5.0,12.666666666666666,0.0,1,0.55,2025,17,Baku City Circuit,1.0
ANT,Mercedes,4.0,4.0,1,Finished,,0,4.0,101.464,0.347,0.009,-2.0,0.6530000000000058,0.42600000000000193,0.22800000000000153,0.003999999999997783,322.0,0.0,0.48599999999999,0.37699999999999534,0.28000000000000114,0.16799999999999926,325.0,0.009000000000000341,0.374,66.0,8.0,260.0,3.0,11.666666666666666,0.0,1,0.55,2025,17,Baku City Circuit,0.0
LAW,Racing Bulls,5.0,3.0,1,Finished,,0,3.0,101.537,0.42,0.0,-4.0,0.9230000000000018,0.34500000000000597,0.6809999999999974,0.17099999999999937,322.0,0.0,0.695999999999998,0.5219999999999985,0.5129999999999981,0.0,328.0,0.0,0.59,20.0,15.0,0.0,10.0,11.333333333333334,0.0,1,0.55,2025,17,Baku City Circuit,2.0
TSU,Red Bull,6.0,6.0,1,Finished,,0,6.0,101.788,0.671,0.671,-4.0,1.6170000000000044,0.40400000000000347,0.9200000000000017,0.3379999999999974,326.0,1.3950000000000102,1.1509999999999962,0.4169999999999945,0.7920000000000016,0.2799999999999976,324.0,0.5420000000000016,1.168,12.0,19.0,239.0,4.0,13.0,0.0,1,0.55,2025,17,Baku City Circuit,0.0
NOR,McLaren,7.0,7.0,1,Finished,,0,7.0,101.322,0.205,0.0,5.0,0.0,0.11599999999999966,0.0,0.1579999999999977,321.0,0.0,0.9059999999999917,0.36199999999999477,0.4369999999999976,0.44599999999999795,322.0,0.0,0.126,293.0,2.0,617.0,1.0,7.0,0.3333333333333333,1,0.55,2025,17,Baku City Circuit,0.0
HAM,Ferrari,8.0,12.0,1,Finished,,0,12.0,101.821,0.704,0.363,1.0,0.27599999999999625,0.0,0.37400000000000233,0.13100000000000023,325.0,0.0,0.0,0.0,0.0,0.12199999999999989,325.0,0.0,0.0,117.0,6.0,280.0,2.0,12.666666666666666,0.3333333333333333,1,0.55,2025,17,Baku City Circuit,-4.0
LEC,Ferrari,9.0,10.0,1,Finished,,0,10.0,101.458,0.341,0.0,5.0,0.9860000000000042,0.10800000000000409,0.5279999999999987,0.2560000000000002,321.0,0.710000000000008,0.07399999999999807,0.04999999999999716,0.10099999999999909,0.14000000000000057,328.0,0.07399999999999807,0.206,163.0,5.0,280.0,2.0,9.0,0.3333333333333333,1,0.55,2025,17,Baku City Circuit,-1.0
HAD,Racing Bulls,10.0,8.0,1,Finished,,0,8.0,101.647,0.53,0.11,-1.0,1.043999999999997,0.48800000000000665,0.5549999999999997,0.259999999999998,322.0,0.12099999999999511,1.1499999999999915,0.48799999999999955,0.7070000000000007,0.19399999999999906,327.0,0.4539999999999935,0.801,38.0,9.0,0.0,10.0,8.0,0.0,1,0.55,2025,17,Baku City Circuit,2.0
BOR,Kick Sauber,11.0,13.0,1,Finished,,0,13.0,102.277,1.16,0.0,-1.0,1.8370000000000033,0.5530000000000044,1.134999999999998,0.42299999999999827,321.0,0.632000000000005,1.2680000000000007,0.6659999999999968,0.6629999999999967,0.2259999999999991,328.0,0.0,1.32,18.0,16.0,55.0,8.0,9.666666666666666,0.0,1,0.55,2025,17,Baku City Circuit,-2.0
BEA,Haas F1 Team,12.0,15.0,1,Finished,,0,15.0,102.666,1.549,0.0,0.0,0.7620000000000005,0.30799999999999983,0.392000000000003,0.15899999999999892,324.0,0.0,0.597999999999999,0.27999999999999403,0.5579999999999998,0.0990000000000002,327.0,0.0,0.363,16.0,17.0,44.0,9.0,12.666666666666666,0.3333333333333333,1,0.55,2025,17,Baku City Circuit,-3.0
ALB,Williams,13.0,19.0,2,Finished,,0,19.0,103.778,2.661,2.183,0.0,0.7600000000000051,0.29400000000000404,0.23799999999999955,0.5019999999999989,330.0,0.0,0.8840000000000003,0.37999999999999545,0.37700000000000244,0.22799999999999798,325.0,0.0,0.324,70.0,7.0,86.0,5.0,9.0,0.0,1,0.55,2025,17,Baku City Circuit,-6.0
OCO,Haas F1 Team,14.0,20.0,2,Finished,,0,20.0,101.788,0.671,0.0,0.0,1.644999999999996,0.784000000000006,0.8599999999999994,0.1579999999999977,322.0,0.8829999999999956,0.8739999999999952,0.31799999999999784,0.6000000000000014,0.29499999999999815,323.0,0.27599999999999625,1.074,28.0,13.0,44.0,9.0,13.666666666666666,0.0,1,0.55,2025,17,Baku City Circuit,-6.0
ALO,Aston Martin,15.0,11.0,1,Finished,,0,11.0,101.857,0.74,0.0,-1.0,1.367999999999995,0.6360000000000028,0.7689999999999984,0.018000000000000682,324.0,0.0,1.6739999999999924,0.6529999999999987,0.9699999999999989,0.39000000000000057,325.0,0.19599999999999795,1.333,30.0,12.0,62.0,6.0,10.666666666666666,0.3333333333333333,1,0.55,2025,17,Baku City Circuit,4.0
HUL,Kick Sauber,16.0,17.0,1,Finished,,0,17.0,102.916,1.799,0.639,0.0,1.2049999999999983,0.6340000000000003,0.6210000000000022,0.2240000000000002,321.0,0.0,1.5269999999999868,0.6559999999999988,0.7370000000000019,0.33399999999999963,325.0,0.25899999999998613,1.153,37.0,10.0,55.0,8.0,15.666666666666666,0.0,1,0.55,2025,17,Baku City Circuit,-1.0
STR,Aston Martin,17.0,14.0,1,Finished,,0,14.0,102.101,0.984,0.244,1.0,2.1269999999999953,1.0200000000000031,1.2379999999999995,0.04299999999999926,323.0,0.7590000000000003,1.4779999999999944,0.6069999999999993,0.911999999999999,0.29799999999999827,323.0,0.0,1.732,32.0,11.0,62.0,6.0,10.666666666666666,0.0,1,0.55,2025,17,Baku City Circuit,3.0
GAS,Alpine F1 Team,18.0,18.0,1,Lapped,,0,18.0,103.139,2.022,0.36,0.0,2.0990000000000038,0.7490000000000023,1.2759999999999962,0.2829999999999977,326.0,0.5330000000000013,1.3810000000000002,0.7079999999999984,0.713000000000001,0.2989999999999995,327.0,0.0,1.635,20.0,14.0,20.0,10.0,17.333333333333332,0.0,1,0.55,2025,17,Baku City Circuit,0.0
COL,Alpine F1 Team,19.0,16.0,1,Lapped,,0,16.0,102.779,1.662,0.0,0.0,1.5660000000000025,0.7010000000000005,0.8969999999999985,0.24200000000000088,323.0,0.0,2.0289999999999964,0.8499999999999943,1.061,0.16499999999999915,328.0,0.6479999999999961,1.327,0.0,20.0,20.0,10.0,15.333333333333334,0.0,1,0.55,2025,17,Baku City Circuit,3.0
PIA,McLaren,20.0,9.0,1,Retired,DNF,1,9.0,101.414,0.297,0.092,6.0,0.2540000000000049,0.011000000000002785,0.277000000000001,0.0,323.0,0.2540000000000049,1.0019999999999953,0.40099999999999625,0.39000000000000057,0.4369999999999976,327.0,0.09600000000000364,0.198,324.0,1.0,617.0,1.0,2.0,0.0,1,0.55,2025,17,Baku City Circuit,11.0
RUS,Mercedes,1.0,1.0,1,Finished,,0,1.0,89.158,0.0,0.0,0.0,0.049000000000006594,0.04200000000000159,0.10400000000000631,0.08799999999999741,303.0,0.0,2.516999999999996,0.6630000000000003,0.8350000000000009,1.2659999999999982,300.0,0.5120000000000005,0.136,212.0,4.0,290.0,2.0,3.6666666666666665,0.0,0,0.25,2025,18,Marina Bay Street Circuit,0.0
VER,Red Bull,2.0,2.0,1,Finished,,0,2.0,89.34,0.182,0.0,0.0,0.0,0.09700000000000131,0.059000000000004604,0.028999999999999915,302.0,0.0,0.14300000000000068,0.15899999999999892,0.0,0.2309999999999981,301.0,0.0,0.087,255.0,3.0,272.0,4.0,1.3333333333333333,0.0,0,0.25,2025,18,Marina Bay Street Circuit,0.0
NOR,McLaren,3.0,5.0,1,Finished,,0,5.0,89.586,0.428,0.062,0.0,0.08899999999999864,0.012000000000000455,0.03800000000000381,0.047999999999998266,302.0,0.07199999999998852,0.4830000000000041,0.23499999999999943,0.18599999999999994,0.3019999999999996,300.0,0.4830000000000041,0.0,299.0,2.0,623.0,1.0,9.0,0.3333333333333333,0,0.25,2025,18,Marina Bay Street Circuit,-2.0
PIA,McLaren,4.0,3.0,1,Finished,,0,3.0,89.524,0.366,0.0,0.0,0.017000000000010118,0.06300000000000239,0.0,0.13899999999999935,302.0,0.0,0.0,0.15300000000000225,0.009000000000000341,0.0849999999999973,299.0,0.0,0.104,324.0,1.0,623.0,1.0,8.0,0.3333333333333333,0,0.25,2025,18,Marina Bay Street Circuit,1.0
ANT,Mercedes,5.0,4.0,1,Finished,,0,4.0,89.537,0.379,0.379,0.0,0.08899999999999864,0.0,0.05600000000000449,0.1839999999999975,304.0,0.03999999999999204,2.0049999999999955,0.7050000000000018,0.7620000000000005,0.5969999999999978,299.0,0.0,0.142,78.0,7.0,290.0,2.0,9.666666666666666,0.0,0,0.25,2025,18,Marina Bay Street Circuit,1.0
LEC,Ferrari,6.0,7.0,1,Finished,,0,7.0,89.784,0.626,0.096,0.0,0.5030000000000001,0.16900000000000048,0.28300000000000125,0.23199999999999932,301.0,0.09199999999999875,0.7519999999999953,0.10300000000000153,0.277000000000001,0.42299999999999827,301.0,0.0,0.586,165.0,5.0,286.0,3.0,10.666666666666666,0.3333333333333333,0,0.25,2025,18,Marina Bay Street Circuit,-1.0
ALO,Aston Martin,7.0,10.0,1,Finished,,0,10.0,89.955,0.797,0.0,0.0,0.7750000000000057,0.10100000000000264,0.5630000000000024,0.17999999999999972,303.0,0.0,0.1629999999999967,0.0,0.23700000000000188,0.14399999999999835,302.0,0.0,0.645,30.0,14.0,62.0,7.0,14.0,0.3333333333333333,0,0.25,2025,18,Marina Bay Street Circuit,-3.0
HAM,Ferrari,8.0,6.0,2,Finished,,0,6.0,89.688,0.53,0.0,0.0,0.41100000000000136,0.05600000000000094,0.26600000000000534,0.23199999999999932,300.0,0.0,0.777000000000001,0.12600000000000122,0.10699999999999932,0.26699999999999946,299.0,0.025000000000005684,0.424,121.0,6.0,286.0,3.0,11.333333333333334,0.3333333333333333,0,0.25,2025,18,Marina Bay Street Circuit,2.0
BEA,Haas F1 Team,9.0,9.0,1,Finished,,0,9.0,89.868,0.71,0.0,0.0,0.6510000000000105,0.1980000000000004,0.41200000000000614,0.2259999999999991,302.0,0.015000000000000568,0.9969999999999999,0.240000000000002,0.7080000000000055,0.2959999999999994,300.0,0.4129999999999967,0.738,16.0,19.0,44.0,9.0,10.0,0.0,0,0.25,2025,18,Marina Bay Street Circuit,0.0
SAI,Williams,10.0,18.0,1,Lapped,,0,18.0,89.91149999999999,0.7535000000000001,0.031,0.0,0.24399999999999977,0.2220000000000013,0.17200000000000415,0.0,301.0,0.0,0.585000000000008,0.22500000000000142,0.41100000000000136,0.129999999999999,300.0,0.0,0.296,31.0,12.0,101.0,5.0,9.0,0.0,0,0.25,2025,18,Marina Bay Street Circuit,-8.0
HAD,Racing Bulls,11.0,8.0,1,Lapped,,0,8.0,89.846,0.688,0.0,0.0,0.3410000000000082,0.13700000000000045,0.2150000000000034,0.12099999999999866,300.0,0.0,0.132000000000005,0.1769999999999996,0.11899999999999977,0.08299999999999841,299.0,0.0,0.375,39.0,9.0,0.0,10.0,7.666666666666667,0.0,0,0.25,2025,18,Marina Bay Street Circuit,3.0
TSU,Red Bull,12.0,13.0,1,Lapped,,0,13.0,90.353,1.195,1.013,0.0,1.2920000000000016,0.4510000000000005,0.5830000000000055,0.39899999999999736,301.0,1.2920000000000016,0.9939999999999998,0.38400000000000034,0.2469999999999999,0.6099999999999994,299.0,0.8509999999999991,1.224,20.0,17.0,272.0,4.0,9.333333333333334,0.0,0,0.25,2025,18,Marina Bay Street Circuit,-1.0
STR,Aston Martin,13.0,15.0,1,Lapped,,0,15.0,90.949,1.791,0.994,0.0,1.112000000000009,0.3620000000000019,0.6490000000000009,0.2339999999999982,302.0,0.3370000000000033,0.5079999999999956,0.30700000000000216,0.30000000000000426,0.0,301.0,0.34499999999999886,0.934,32.0,11.0,62.0,7.0,14.0,0.0,0,0.25,2025,18,Marina Bay Street Circuit,-2.0
ALB,Williams,14.0,20.0,2,Lapped,,0,20.0,89.91149999999999,0.7535000000000001,0.031,0.0,0.5200000000000102,0.07499999999999929,0.30700000000000216,0.17299999999999827,302.0,0.27600000000001046,1.3460000000000036,0.28999999999999915,0.642000000000003,0.657,299.0,0.7609999999999957,0.457,70.0,8.0,101.0,5.0,8.333333333333334,0.0,0,0.25,2025,18,Marina Bay Street Circuit,-6.0
LAW,Racing Bulls,15.0,12.0,1,Lapped,,0,12.0,90.32,1.162,0.474,0.0,3.480000000000004,1.1910000000000025,1.419000000000004,1.0549999999999997,293.0,3.138999999999996,1.9309999999999974,0.6960000000000015,0.8460000000000036,0.6359999999999992,296.0,1.7989999999999924,2.397,30.0,13.0,0.0,10.0,10.333333333333334,0.0,0,0.25,2025,18,Marina Bay Street Circuit,3.0
COL,Alpine F1 Team,16.0,16.0,1,Lapped,,0,16.0,90.982,1.824,0.0,0.0,0.8990000000000009,0.2220000000000013,0.4140000000000015,0.44799999999999685,302.0,0.0,2.424999999999997,0.3689999999999998,0.8500000000000014,0.977999999999998,301.0,0.6809999999999974,0.986,0.0,20.0,20.0,10.0,15.666666666666666,0.0,0,0.25,2025,18,Marina Bay Street Circuit,0.0
BOR,Kick Sauber,17.0,14.0,1,Lapped,,0,14.0,90.82,1.662,0.679,0.0,0.5490000000000066,0.13300000000000267,0.25200000000000244,0.32099999999999795,300.0,0.060000000000002274,1.605000000000004,0.4930000000000021,0.8120000000000047,0.5299999999999976,297.0,0.25,0.608,18.0,18.0,55.0,8.0,11.333333333333334,0.0,0,0.25,2025,18,Marina Bay Street Circuit,3.0
OCO,Haas F1 Team,18.0,17.0,1,Lapped,,0,17.0,90.989,1.831,1.121,0.0,0.6360000000000099,0.30600000000000094,0.3780000000000001,0.1369999999999969,301.0,0.0,0.5840000000000032,0.2259999999999991,0.3640000000000043,0.24099999999999966,299.0,0.0,0.723,28.0,15.0,44.0,9.0,13.0,0.0,0,0.25,2025,18,Marina Bay Street Circuit,1.0
GAS,Alpine F1 Team,19.0,19.0,3,Lapped,,0,19.0,91.261,2.103,0.279,1.0,1.4950000000000045,0.33500000000000085,0.6260000000000048,0.7189999999999976,302.0,0.5960000000000036,1.7439999999999998,0.4559999999999995,0.8610000000000042,0.546999999999997,300.0,0.0,1.555,20.0,16.0,20.0,10.0,17.0,0.0,0,0.25,2025,18,Marina Bay Street Circuit,0.0
HUL,Kick Sauber,20.0,11.0,2,Lapped,,0,11.0,90.141,0.983,0.0,0.0,0.4890000000000043,0.23799999999999955,0.12400000000000233,0.1739999999999995,300.0,0.0,1.355000000000004,0.2170000000000023,0.4759999999999991,0.41999999999999815,298.0,0.0,0.438,37.0,10.0,55.0,8.0,16.666666666666668,0.0,0,0.25,2025,18,Marina Bay Street Circuit,9.0
VER,Red Bull,1.0,1.0,1,Finished,,0,1.0,92.51,0.0,0.0,0.0,,,,,,,,,,,,,0.354,273.0,3.0,290.0,4.0,1.3333333333333333,0.0,0,0.6,2025,19,Circuit of the Americas,0.0
NOR,McLaren,2.0,2.0,1,Finished,,0,2.0,92.801,0.291,0.0,0.0,,,,,,,,,,,,,0.0,314.0,2.0,650.0,1.0,4.0,0.0,0,0.6,2025,19,Circuit of the Americas,0.0
LEC,Ferrari,3.0,3.0,1,Finished,,0,3.0,92.807,0.297,0.0,0.0,,,,,,,,,,,,,2.514,173.0,5.0,298.0,3.0,6.333333333333333,0.0,0,0.6,2025,19,Circuit of the Americas,0.0
HAM,Ferrari,4.0,5.0,1,Finished,,0,5.0,92.912,0.402,0.105,0.0,,,,,,,,,,,,,0.671,125.0,6.0,298.0,3.0,7.333333333333333,0.0,0,0.6,2025,19,Circuit of the Americas,-1.0
PIA,McLaren,5.0,6.0,1,Finished,,0,6.0,93.084,0.574,0.283,-1.0,,,,,,,,,,,,,0.166,336.0,1.0,650.0,1.0,9.0,0.3333333333333333,0,0.6,2025,19,Circuit of the Americas,-1.0
RUS,Mercedes,6.0,4.0,1,Finished,,0,4.0,92.826,0.316,0.0,0.0,,,,,,,,,,,,,0.637,237.0,4.0,325.0,2.0,2.6666666666666665,0.0,0,0.6,2025,19,Circuit of the Americas,2.0
TSU,Red Bull,7.0,13.0,1,Finished,,0,13.0,93.466,0.956,0.956,0.0,,,,,,,,,,,,,1.237,20.0,17.0,290.0,4.0,10.333333333333334,0.0,0,0.6,2025,19,Circuit of the Americas,-6.0
HUL,Kick Sauber,8.0,11.0,1,Finished,,0,11.0,93.334,0.824,0.0,0.0,,,,,,,,,,,,,0.21,37.0,10.0,55.0,8.0,18.666666666666668,0.0,0,0.6,2025,19,Circuit of the Americas,-3.0
BEA,Haas F1 Team,9.0,8.0,1,Finished,,0,8.0,93.139,0.629,0.0,-1.0,,,,,,,,,,,,,0.939,18.0,19.0,46.0,9.0,11.0,0.0,0,0.6,2025,19,Circuit of the Americas,1.0
ALO,Aston Martin,10.0,10.0,1,Finished,,0,10.0,93.16,0.65,0.0,0.0,,,,,,,,,,,,,0.345,36.0,11.0,68.0,7.0,13.666666666666666,0.3333333333333333,0,0.6,2025,19,Circuit of the Americas,0.0
LAW,Racing Bulls,11.0,12.0,1,Finished,,0,12.0,93.36,0.85,0.0,0.0,,,,,,,,,,,,,1.255,30.0,14.0,0.0,10.0,11.333333333333334,0.0,0,0.6,2025,19,Circuit of the Americas,-1.0
STR,Aston Martin,12.0,19.0,1,Finished,,0,19.0,94.54,2.03,1.38,1.0,,,,,,,,,,,,,1.316,32.0,13.0,68.0,7.0,16.0,0.0,0,0.6,2025,19,Circuit of the Americas,-7.0
ANT,Mercedes,13.0,7.0,1,Finished,,0,7.0,93.044,0.534,0.218,1.0,,,,,,,,,,,,,1.443,88.0,7.0,325.0,2.0,6.0,0.0,0,0.6,2025,19,Circuit of the Americas,6.0
ALB,Williams,14.0,18.0,2,Finished,,0,18.0,94.69,2.18,1.566,-1.0,,,,,,,,,,,,,0.544,70.0,8.0,102.0,5.0,11.333333333333334,0.0,0,0.6,2025,19,Circuit of the Americas,-4.0
OCO,Haas F1 Team,15.0,17.0,1,Finished,,0,17.0,94.136,1.626,0.997,0.0,,,,,,,,,,,,,1.042,28.0,15.0,46.0,9.0,15.666666666666666,0.0,0,0.6,2025,19,Circuit of the Americas,-2.0
HAD,Racing Bulls,16.0,20.0,1,Finished,,0,20.0,93.16,0.65,0.0,0.0,,,,,,,,,,,,,0.861,39.0,9.0,0.0,10.0,10.333333333333334,0.0,0,0.6,2025,19,Circuit of the Americas,-4.0
COL,Alpine F1 Team,17.0,15.0,1,Lapped,,0,15.0,94.039,1.529,0.44,0.0,,,,,,,,,,,,,1.359,0.0,20.0,20.0,10.0,17.333333333333332,0.0,0,0.6,2025,19,Circuit of the Americas,2.0
BOR,Kick Sauber,18.0,16.0,2,Lapped,,0,16.0,94.125,1.615,0.791,0.0,,,,,,,,,,,,,0.977,18.0,18.0,55.0,8.0,12.0,0.0,0,0.6,2025,19,Circuit of the Americas,2.0
GAS,Alpine F1 Team,19.0,14.0,1,Lapped,,0,14.0,93.599,1.089,0.0,0.0,,,,,,,,,,,,,1.248,20.0,16.0,20.0,10.0,17.666666666666668,0.0,0,0.6,2025,19,Circuit of the Americas,5.0
SAI,Williams,20.0,9.0,1,Retired,DNF,1,9.0,93.124,0.614,0.0,1.0,,,,,,,,,,,,,2.453,32.0,12.0,102.0,5.0,8.0,0.0,0,0.6,2025,19,Circuit of the Americas,11.0
NOR,McLaren,1.0,1.0,1,Finished,,0,1.0,75.586,0.0,0.0,0.0,0.0,0.0,0.0,0.0,347.0,0.0,0.2510000000000048,0.0,0.13700000000000045,0.07699999999999818,344.0,0.0,0.0,332.0,2.0,678.0,1.0,4.0,0.0,0,0.55,2025,20,Autódromo Hermanos Rodríguez,0.0
LEC,Ferrari,2.0,2.0,1,Finished,,0,2.0,75.848,0.262,0.0,0.0,0.5660000000000025,0.10900000000000176,0.22299999999999898,0.08600000000000207,346.0,0.22100000000000364,0.1530000000000058,0.06800000000000139,0.07499999999999929,0.0,355.0,0.0,0.418,192.0,5.0,334.0,3.0,6.0,0.0,0,0.55,2025,20,Autódromo Hermanos Rodríguez,0.0
VER,Red Bull,3.0,5.0,1,Finished,,0,5.0,76.07,0.484,0.0,0.0,0.6090000000000089,0.26200000000000045,0.1819999999999986,0.05900000000000105,346.0,0.0,0.0,0.030000000000001137,0.0,0.012000000000000455,346.0,0.0,0.455,306.0,3.0,331.0,4.0,1.3333333333333333,0.0,0,0.55,2025,20,Autódromo Hermanos Rodríguez,-2.0
BEA,Haas F1 Team,4.0,9.0,2,Finished,,0,9.0,76.46,0.874,0.0,-1.0,1.413000000000011,0.30600000000000094,0.727999999999998,0.30600000000000094,345.0,0.4720000000000084,1.0499999999999972,0.24099999999999966,0.5279999999999987,0.13400000000000034,348.0,0.17599999999998772,1.312,20.0,18.0,48.0,9.0,10.0,0.0,0,0.55,2025,20,Autódromo Hermanos Rodríguez,-5.0
PIA,McLaren,5.0,7.0,2,Finished,,0,7.0,76.174,0.588,0.588,-1.0,0.5990000000000038,0.06500000000000128,0.34699999999999775,0.125,348.0,0.5990000000000038,0.8400000000000034,0.07900000000000063,0.5530000000000008,0.17099999999999937,347.0,0.5889999999999986,0.537,346.0,1.0,678.0,1.0,9.666666666666666,0.3333333333333333,0,0.55,2025,20,Autódromo Hermanos Rodríguez,-2.0
ANT,Mercedes,6.0,6.0,2,Finished,,0,6.0,76.118,0.532,0.084,0.0,0.6200000000000045,0.2380000000000031,0.33999999999999986,0.03300000000000125,349.0,0.10800000000000409,0.1740000000000066,0.08699999999999974,0.0990000000000002,0.029999999999997584,349.0,0.0,0.611,89.0,7.0,341.0,2.0,7.333333333333333,0.0,0,0.55,2025,20,Autódromo Hermanos Rodríguez,0.0
RUS,Mercedes,7.0,4.0,2,Finished,,0,4.0,76.034,0.448,0.0,0.0,0.5120000000000005,0.15700000000000003,0.19099999999999895,0.16100000000000136,351.0,0.0,0.4369999999999976,0.02400000000000091,0.26399999999999935,0.14399999999999835,348.0,0.262999999999991,0.509,252.0,4.0,341.0,2.0,3.0,0.0,0,0.55,2025,20,Autódromo Hermanos Rodríguez,3.0
HAM,Ferrari,8.0,3.0,2,Finished,,0,3.0,75.938,0.352,0.09,0.0,0.34499999999999886,0.0990000000000002,0.06799999999999784,0.08699999999999974,350.0,0.0,0.29999999999999716,0.08600000000000207,0.12299999999999756,0.13299999999999912,351.0,0.14699999999999136,0.254,142.0,6.0,334.0,3.0,6.666666666666667,0.0,0,0.55,2025,20,Autódromo Hermanos Rodríguez,5.0
OCO,Haas F1 Team,9.0,11.0,1,Finished,,0,11.0,76.837,1.251,0.377,-1.0,0.9410000000000025,0.25900000000000034,0.5429999999999993,0.13899999999999935,345.0,0.0,0.8740000000000094,0.2970000000000006,0.33399999999999963,0.16199999999999903,342.0,0.0,0.941,28.0,15.0,48.0,9.0,15.666666666666666,0.0,0,0.55,2025,20,Autódromo Hermanos Rodríguez,-2.0
BOR,Kick Sauber,10.0,16.0,1,Finished,,0,16.0,77.412,1.826,0.396,0.0,0.8930000000000007,0.375,0.3869999999999969,0.05799999999999983,345.0,0.0,0.9309999999999974,0.3509999999999991,0.384999999999998,0.10699999999999932,343.0,0.0,0.82,18.0,19.0,59.0,8.0,15.333333333333334,0.0,0,0.55,2025,20,Autódromo Hermanos Rodríguez,-6.0
TSU,Red Bull,11.0,10.0,1,Finished,,0,10.0,76.816,1.23,0.746,-1.0,0.7820000000000107,0.16000000000000014,0.34299999999999997,0.2789999999999999,349.0,0.17300000000000182,0.49099999999999966,0.14300000000000068,0.23900000000000077,0.1509999999999998,348.0,0.49099999999999966,0.782,28.0,16.0,331.0,4.0,8.333333333333334,0.0,0,0.55,2025,20,Autódromo Hermanos Rodríguez,1.0
ALB,Williams,12.0,17.0,1,Lapped,,0,17.0,77.49,1.904,1.318,0.0,1.3610000000000042,0.40500000000000114,0.6549999999999976,0.23000000000000043,347.0,0.19299999999999784,1.463000000000008,0.13100000000000023,0.33699999999999974,0.514999999999997,358.0,0.916000000000011,1.2,73.0,8.0,111.0,5.0,13.666666666666666,0.0,0,0.55,2025,20,Autódromo Hermanos Rodríguez,-5.0
HAD,Racing Bulls,13.0,8.0,1,Lapped,,0,8.0,76.252,0.666,0.0,-1.0,0.7630000000000052,0.3190000000000026,0.34499999999999886,0.03900000000000148,343.0,0.0,0.88900000000001,0.21199999999999974,0.4499999999999993,0.08699999999999974,344.0,0.06300000000000239,0.703,39.0,10.0,0.0,10.0,12.333333333333334,0.0,0,0.55,2025,20,Autódromo Hermanos Rodríguez,5.0
STR,Aston Martin,14.0,19.0,2,Lapped,,0,19.0,77.606,2.02,0.503,0.0,0.9650000000000034,0.3440000000000012,0.3839999999999968,0.22299999999999898,348.0,0.0,0.5619999999999976,0.33300000000000196,0.09399999999999764,0.1769999999999996,352.0,0.015999999999991132,0.951,32.0,13.0,69.0,7.0,14.0,0.0,0,0.55,2025,20,Autódromo Hermanos Rodríguez,-5.0
GAS,Alpine F1 Team,15.0,18.0,1,Lapped,,0,18.0,77.546,1.96,0.0,0.0,1.7790000000000106,0.38300000000000267,0.690999999999999,0.4960000000000022,348.0,0.0,1.8020000000000067,0.4670000000000023,0.8739999999999988,0.5030000000000001,346.0,0.472999999999999,1.57,20.0,17.0,20.0,10.0,18.666666666666668,0.0,0,0.55,2025,20,Autódromo Hermanos Rodríguez,-3.0
COL,Alpine F1 Team,16.0,20.0,1,Lapped,,0,20.0,77.67,2.084,0.124,0.0,1.9480000000000075,0.3719999999999999,0.8669999999999973,0.3930000000000007,347.0,0.16899999999999693,1.3290000000000077,0.47800000000000153,0.6059999999999981,0.28699999999999903,347.0,0.0,1.632,0.0,20.0,20.0,10.0,17.333333333333332,0.0,0,0.55,2025,20,Autódromo Hermanos Rodríguez,-4.0
SAI,Williams,17.0,12.0,3,Retired,DNF,1,12.0,76.172,0.586,0.0,5.0,1.1680000000000064,0.21000000000000085,0.7589999999999968,0.1720000000000006,348.0,0.0,0.546999999999997,0.019000000000001904,0.4869999999999983,0.08299999999999841,348.0,0.0,1.134,38.0,11.0,111.0,5.0,11.0,0.3333333333333333,0,0.55,2025,20,Autódromo Hermanos Rodríguez,5.0
ALO,Aston Martin,18.0,14.0,1,Retired,DNF,1,14.0,77.103,1.517,0.0,-1.0,1.9780000000000086,0.5960000000000001,0.9399999999999977,0.30900000000000105,347.0,1.0130000000000052,0.5460000000000065,0.18700000000000117,0.1509999999999998,0.25,348.0,0.0,1.22,37.0,12.0,69.0,7.0,10.666666666666666,0.0,0,0.55,2025,20,Autódromo Hermanos Rodríguez,4.0
HUL,Kick Sauber,19.0,13.0,1,Retired,DNF,1,13.0,77.016,1.43,0.0,-1.0,1.031000000000006,0.40500000000000114,0.4049999999999976,0.07600000000000051,345.0,0.13800000000000523,0.9560000000000031,0.245000000000001,0.4029999999999987,0.14599999999999724,355.0,0.025000000000005684,0.886,41.0,9.0,59.0,8.0,14.666666666666666,0.0,0,0.55,2025,20,Autódromo Hermanos Rodríguez,6.0
LAW,Racing Bulls,20.0,15.0,1,Retired,DNF,1,15.0,76.961,1.375,0.709,2.0,0.9190000000000111,0.28100000000000236,0.29799999999999827,0.28500000000000014,343.0,0.1560000000000059,0.8260000000000076,0.43299999999999983,0.259999999999998,0.17499999999999716,343.0,0.0,0.864,30.0,14.0,0.0,10.0,10.333333333333334,0.0,0,0.55,2025,20,Autódromo Hermanos Rodríguez,5.0
NOR,McLaren,1.0,1.0,2,Finished,,0,1.0,69.511,0.0,0.0,0.0,,,,,,,,,,,,,0.168,357.0,1.0,713.0,1.0,2.0,0.0,0,0.65,2025,21,Autódromo José Carlos Pace,0.0
ANT,Mercedes,2.0,2.0,2,Finished,,0,2.0,69.685,0.174,0.0,0.0,,,,,,,,,,,,,0.859,97.0,7.0,355.0,3.0,8.0,0.0,0,0.65,2025,21,Autódromo José Carlos Pace,0.0
VER,Red Bull,3.0,19.0,4,Finished,,0,19.0,70.403,0.892,0.0,3.0,,,,,,,,,,,,,1.561,321.0,3.0,346.0,4.0,2.0,0.0,0,0.65,2025,21,Autódromo José Carlos Pace,-16.0
RUS,Mercedes,4.0,6.0,2,Finished,,0,6.0,69.88,0.369,0.195,-1.0,,,,,,,,,,,,,0.715,258.0,4.0,355.0,3.0,4.666666666666667,0.0,0,0.65,2025,21,Autódromo José Carlos Pace,-2.0
PIA,McLaren,5.0,4.0,2,Finished,,0,4.0,69.835,0.324,0.324,-1.0,,,,,,,,,,,,,0.0,356.0,2.0,713.0,1.0,4.666666666666667,0.0,0,0.65,2025,21,Autódromo José Carlos Pace,1.0
BEA,Haas F1 Team,6.0,8.0,2,Finished,,0,8.0,69.755,0.244,0.0,5.0,,,,,,,,,,,,,1.049,32.0,13.0,62.0,8.0,7.333333333333333,0.0,0,0.65,2025,21,Autódromo José Carlos Pace,-2.0
LAW,Racing Bulls,7.0,7.0,1,Finished,,0,7.0,69.95,0.439,0.019,-2.0,,,,,,,,,,,,,0.707,30.0,15.0,0.0,10.0,15.333333333333334,0.3333333333333333,0,0.65,2025,21,Autódromo José Carlos Pace,0.0
HAD,Racing Bulls,8.0,5.0,2,Finished,,0,5.0,69.931,0.42,0.0,-3.0,,,,,,,,,,,,,0.827,39.0,10.0,0.0,10.0,13.333333333333334,0.0,0,0.65,2025,21,Autódromo José Carlos Pace,3.0
HUL,Kick Sauber,9.0,10.0,1,Finished,,0,10.0,69.985,0.474,0.0,0.0,,,,,,,,,,,,,0.723,41.0,9.0,60.0,9.0,15.666666666666666,0.3333333333333333,0,0.65,2025,21,Autódromo José Carlos Pace,-1.0
GAS,Alpine F1 Team,10.0,9.0,2,Finished,,0,9.0,69.857,0.346,0.0,3.0,,,,,,,,,,,,,0.874,20.0,18.0,20.0,10.0,17.666666666666668,0.0,0,0.65,2025,21,Autódromo José Carlos Pace,1.0
ALB,Williams,11.0,12.0,2,Finished,,0,12.0,70.053,0.542,0.0,-2.0,,,,,,,,,,,,,0.895,73.0,8.0,111.0,5.0,13.333333333333334,0.0,0,0.65,2025,21,Autódromo José Carlos Pace,-1.0
OCO,Haas F1 Team,12.0,20.0,3,Finished,,0,20.0,70.438,0.927,0.683,3.0,,,,,,,,,,,,,1.099,30.0,16.0,62.0,8.0,14.0,0.0,0,0.65,2025,21,Autódromo José Carlos Pace,-8.0
SAI,Williams,13.0,15.0,2,Finished,,0,15.0,70.184,0.673,0.131,0.0,,,,,,,,,,,,,0.653,38.0,11.0,111.0,5.0,15.666666666666666,0.6666666666666666,0,0.65,2025,21,Autódromo José Carlos Pace,-2.0
ALO,Aston Martin,14.0,11.0,2,Finished,,0,11.0,70.001,0.49,0.0,0.0,,,,,,,,,,,,,0.787,37.0,12.0,69.0,7.0,11.666666666666666,0.3333333333333333,0,0.65,2025,21,Autódromo José Carlos Pace,3.0
COL,Alpine F1 Team,15.0,16.0,2,Finished,,0,16.0,70.632,1.121,0.775,-2.0,,,,,,,,,,,,,1.353,0.0,20.0,20.0,10.0,16.333333333333332,0.0,0,0.65,2025,21,Autódromo José Carlos Pace,-1.0
STR,Aston Martin,16.0,14.0,2,Finished,,0,14.0,70.041,0.53,0.04,1.0,,,,,,,,,,,,,1.187,32.0,14.0,69.0,7.0,13.0,0.0,0,0.65,2025,21,Autódromo José Carlos Pace,2.0
TSU,Red Bull,17.0,17.0,3,Finished,,0,17.0,70.711,1.2,0.308,-2.0,,,,,,,,,,,,,1.748,28.0,17.0,346.0,4.0,10.0,0.0,0,0.65,2025,21,Autódromo José Carlos Pace,0.0
HAM,Ferrari,18.0,13.0,3,Retired,DNF,1,13.0,70.016,0.505,0.215,1.0,,,,,,,,,,,,,1.67,146.0,6.0,356.0,2.0,6.666666666666667,0.0,0,0.65,2025,21,Autódromo José Carlos Pace,5.0
LEC,Ferrari,19.0,3.0,1,Retired,DNF,1,3.0,69.801,0.29,0.0,-1.0,,,,,,,,,,,,,1.394,210.0,5.0,356.0,2.0,3.6666666666666665,0.0,0,0.65,2025,21,Autódromo José Carlos Pace,16.0
BOR,Kick Sauber,20.0,18.0,1,Retired,DNF,1,18.0,69.985,0.474,0.0,0.0,,,,,,,,,,,,,0.805,19.0,19.0,60.0,9.0,15.0,0.0,0,0.65,2025,21,Autódromo José Carlos Pace,2.0
VER,Red Bull,1.0,2.0,1,Finished,,0,2.0,108.257,0.323,0.0,0.0,0.22700000000000387,0.0,0.20599999999999952,0.009000000000000341,351.0,0.0,0.5030000000000001,0.08200000000000074,0.39899999999999736,0.25,348.0,0.0,0.203,341.0,3.0,366.0,3.0,2.3333333333333335,0.0,1,0.6,2025,22,Las Vegas Strip Street Circuit,-1.0
RUS,Mercedes,2.0,4.0,1,Finished,,0,4.0,108.803,0.869,0.0,0.0,0.0,0.08599999999999852,0.0,0.0,343.0,0.0,0.4350000000000023,0.13599999999999923,0.23999999999999844,0.28699999999999903,343.0,0.4060000000000059,0.089,276.0,4.0,398.0,2.0,5.666666666666667,0.0,1,0.6,2025,22,Las Vegas Strip Street Circuit,-2.0
ANT,Mercedes,3.0,17.0,1,Finished,,0,17.0,116.314,8.38,7.511,0.0,1.331000000000003,0.12900000000000134,0.4239999999999995,0.2850000000000037,344.0,1.331000000000003,0.028999999999996362,0.09299999999999997,0.07299999999999685,0.09100000000000108,343.0,0.0,0.128,122.0,7.0,398.0,2.0,7.0,0.0,1,0.6,2025,22,Las Vegas Strip Street Circuit,-14.0
LEC,Ferrari,4.0,9.0,1,Finished,,0,9.0,109.872,1.938,0.0,0.0,1.8539999999999992,0.2699999999999996,0.8459999999999965,0.2629999999999981,348.0,0.6389999999999958,0.16100000000000136,0.11400000000000077,0.07000000000000028,0.0940000000000012,345.0,0.0,0.149,214.0,5.0,362.0,4.0,8.0,0.3333333333333333,1,0.6,2025,22,Las Vegas Strip Street Circuit,-5.0
SAI,Williams,5.0,3.0,1,Finished,,0,3.0,108.296,0.362,0.0,0.0,1.608000000000004,0.22799999999999798,0.804000000000002,0.2610000000000028,343.0,0.7870000000000061,0.8329999999999984,0.007999999999999119,0.29499999999999815,0.2890000000000015,344.0,0.3680000000000092,0.277,38.0,13.0,111.0,5.0,16.666666666666668,0.6666666666666666,1,0.6,2025,22,Las Vegas Strip Street Circuit,2.0
HAD,Racing Bulls,6.0,8.0,1,Finished,,0,8.0,109.554,1.62,0.492,0.0,1.1149999999999949,0.33500000000000085,0.6460000000000008,0.21999999999999886,347.0,0.0,0.2909999999999968,0.17800000000000082,0.12899999999999778,0.2120000000000033,348.0,0.0,0.24,43.0,10.0,0.0,10.0,12.333333333333334,0.0,1,0.6,2025,22,Las Vegas Strip Street Circuit,-2.0
HUL,Kick Sauber,7.0,11.0,1,Finished,,0,11.0,112.781,4.847,0.0,0.0,2.5960000000000036,1.2330000000000005,0.8819999999999979,0.5670000000000002,342.0,0.9120000000000061,0.277000000000001,0.33500000000000085,0.16999999999999815,0.0,348.0,0.0,0.376,43.0,9.0,62.0,9.0,12.0,0.3333333333333333,1,0.6,2025,22,Las Vegas Strip Street Circuit,-4.0
HAM,Ferrari,8.0,19.0,1,Finished,,0,19.0,117.115,9.181,7.243,-1.0,1.2150000000000034,0.5779999999999994,0.6120000000000019,0.08899999999999864,351.0,0.0,0.5249999999999915,0.28500000000000014,0.44599999999999795,0.021999999999998465,347.0,0.3639999999999901,0.533,148.0,6.0,362.0,4.0,10.0,0.3333333333333333,1,0.6,2025,22,Las Vegas Strip Street Circuit,-11.0
OCO,Haas F1 Team,9.0,13.0,1,Finished,,0,13.0,112.987,5.053,0.0,0.0,1.762999999999991,0.727999999999998,0.7650000000000006,0.35600000000000165,345.0,0.23099999999999454,1.6259999999999906,0.6699999999999982,0.7759999999999962,0.402000000000001,342.0,0.24199999999999022,1.515,30.0,16.0,70.0,8.0,12.0,0.0,1,0.6,2025,22,Las Vegas Strip Street Circuit,-4.0
BEA,Haas F1 Team,10.0,14.0,1,Finished,,0,14.0,113.094,5.16,0.107,0.0,1.5319999999999965,0.6859999999999999,0.34299999999999997,0.37299999999999756,339.0,0.0,1.3840000000000003,0.36100000000000065,0.6369999999999969,0.4679999999999964,339.0,0.0,1.084,40.0,11.0,70.0,8.0,6.333333333333333,0.0,1,0.6,2025,22,Las Vegas Strip Street Circuit,-4.0
ALO,Aston Martin,11.0,7.0,1,Finished,,0,7.0,109.466,1.532,0.0,0.0,1.4860000000000042,0.36799999999999855,0.3230000000000004,0.5350000000000037,340.0,0.007000000000005002,1.4099999999999966,0.5079999999999991,0.6819999999999986,0.4239999999999995,346.0,0.820999999999998,1.433,40.0,12.0,72.0,7.0,14.0,0.3333333333333333,1,0.6,2025,22,Las Vegas Strip Street Circuit,4.0
TSU,Red Bull,12.0,20.0,3,Finished,,0,20.0,116.798,8.864,8.541,1.0,2.6129999999999995,0.30600000000000094,0.6129999999999995,0.5630000000000024,346.0,2.3859999999999957,1.0899999999999892,0.3829999999999991,0.5549999999999997,0.3130000000000024,347.0,0.5869999999999891,1.114,28.0,17.0,366.0,3.0,11.666666666666666,0.0,1,0.6,2025,22,Las Vegas Strip Street Circuit,-8.0
GAS,Alpine F1 Team,13.0,10.0,1,Finished,,0,10.0,111.54,3.606,0.0,0.0,1.5079999999999956,0.4480000000000004,0.48400000000000176,0.661999999999999,343.0,0.0,0.7710000000000008,0.44599999999999795,0.37599999999999767,0.1769999999999996,349.0,0.0,0.87,22.0,18.0,22.0,10.0,14.666666666666666,0.0,1,0.6,2025,22,Las Vegas Strip Street Circuit,3.0
LAW,Racing Bulls,14.0,6.0,2,Lapped,,0,6.0,109.062,1.128,0.0,0.0,1.384999999999991,0.509999999999998,0.7460000000000022,0.008000000000002672,345.0,0.269999999999996,0.2989999999999924,0.21999999999999886,0.20399999999999707,0.10300000000000153,345.0,0.007999999999995566,0.145,36.0,14.0,0.0,10.0,12.666666666666666,0.3333333333333333,1,0.6,2025,22,Las Vegas Strip Street Circuit,8.0
COL,Alpine F1 Team,15.0,15.0,1,Lapped,,0,15.0,113.683,5.749,2.143,0.0,2.2510000000000048,0.41000000000000014,0.9329999999999998,0.6760000000000019,337.0,0.7430000000000092,1.2219999999999942,0.5079999999999991,0.6119999999999983,0.3299999999999983,349.0,0.4509999999999934,1.321,0.0,20.0,22.0,10.0,16.0,0.0,1,0.6,2025,22,Las Vegas Strip Street Circuit,0.0
ALB,Williams,16.0,16.0,3,Retired,DNF,1,16.0,116.22,8.286,7.924,0.0,0.820999999999998,0.19500000000000028,0.277000000000001,0.2360000000000042,343.0,0.0,0.4649999999999892,0.1509999999999998,0.32599999999999696,0.15699999999999648,344.0,0.0,0.426,73.0,8.0,111.0,5.0,12.333333333333334,0.0,1,0.6,2025,22,Las Vegas Strip Street Circuit,0.0
BOR,Kick Sauber,17.0,18.0,1,Retired,DNF,1,18.0,116.674,8.74,3.893,0.0,1.6839999999999975,0.16999999999999815,0.41999999999999815,0.6720000000000041,349.0,0.0,1.8969999999999914,0.6170000000000009,0.695999999999998,0.8119999999999976,344.0,1.6199999999999903,1.649,19.0,19.0,62.0,9.0,16.0,0.3333333333333333,1,0.6,2025,22,Las Vegas Strip Street Circuit,-1.0
STR,Aston Martin,18.0,12.0,1,Retired,DNF,1,12.0,112.85,4.916,3.384,0.0,1.4789999999999992,0.6729999999999983,0.527000000000001,0.365000000000002,343.0,0.0,0.5889999999999986,0.17299999999999827,0.3810000000000002,0.2629999999999981,342.0,0.0,0.632,32.0,15.0,72.0,7.0,14.0,0.0,1,0.6,2025,22,Las Vegas Strip Street Circuit,6.0
NOR,McLaren,19.0,1.0,1,Disqualified,DSQ,1,1.0,107.934,0.0,0.0,0.0,3.0579999999999927,1.1559999999999988,1.0279999999999987,0.9600000000000009,332.0,0.08899999999999864,0.0,0.0,0.0,0.12899999999999778,345.0,0.0,0.0,390.0,1.0,756.0,1.0,1.3333333333333333,0.0,1,0.6,2025,22,Las Vegas Strip Street Circuit,18.0
PIA,McLaren,20.0,5.0,1,Disqualified,DSQ,1,5.0,108.961,1.027,1.027,0.0,2.968999999999994,1.6039999999999992,0.7379999999999995,0.713000000000001,343.0,0.0,0.8909999999999911,0.2629999999999981,0.4339999999999975,0.259999999999998,344.0,0.8909999999999911,0.828,366.0,2.0,756.0,1.0,5.0,0.0,1,0.6,2025,22,Las Vegas Strip Street Circuit,15.0
VER,Red Bull,1.0,3.0,2,Finished,,0,3.0,79.651,0.264,0.0,0.0,,,,,,,,,,,,,0.79,366.0,3.0,391.0,3.0,2.3333333333333335,0.0,0,0.5,2025,23,Losail International Circuit,-2.0
PIA,McLaren,2.0,1.0,2,Finished,,0,1.0,79.387,0.0,0.0,0.0,,,,,,,,,,,,,0.192,366.0,2.0,756.0,1.0,10.0,0.3333333333333333,0,0.5,2025,23,Losail International Circuit,1.0
SAI,Williams,3.0,7.0,2,Finished,,0,7.0,80.251,0.864,0.0,-1.0,,,,,,,,,,,,,0.69,48.0,11.0,121.0,5.0,11.666666666666666,0.3333333333333333,0,0.5,2025,23,Losail International Circuit,-4.0
NOR,McLaren,4.0,2.0,2,Finished,,0,2.0,79.495,0.108,0.108,0.0,,,,,,,,,,,,,0.0,390.0,1.0,756.0,1.0,7.0,0.3333333333333333,0,0.5,2025,23,Losail International Circuit,2.0
ANT,Mercedes,5.0,5.0,2,Finished,,0,5.0,79.846,0.459,0.184,0.0,,,,,,,,,,,,,0.984,137.0,7.0,431.0,2.0,3.6666666666666665,0.0,0,0.5,2025,23,Losail International Circuit,0.0
RUS,Mercedes,6.0,4.0,2,Finished,,0,4.0,79.662,0.275,0.0,0.0,,,,,,,,,,,,,0.745,294.0,4.0,431.0,2.0,4.333333333333333,0.0,0,0.5,2025,23,Losail International Circuit,2.0
ALO,Aston Martin,7.0,8.0,2,Finished,,0,8.0,80.219,0.832,0.0,1.0,,,,,,,,,,,,,0.556,40.0,13.0,72.0,8.0,14.333333333333334,0.3333333333333333,0,0.5,2025,23,Losail International Circuit,-1.0
LEC,Ferrari,8.0,10.0,2,Finished,,0,10.0,80.343,0.956,0.0,0.0,,,,,,,,,,,,,0.954,226.0,5.0,378.0,4.0,8.333333333333334,0.3333333333333333,0,0.5,2025,23,Losail International Circuit,-2.0
LAW,Racing Bulls,9.0,12.0,2,Finished,,0,12.0,80.433,1.046,0.319,0.0,,,,,,,,,,,,,1.805,36.0,14.0,0.0,10.0,13.666666666666666,0.3333333333333333,0,0.5,2025,23,Losail International Circuit,-3.0
TSU,Red Bull,10.0,15.0,2,Finished,,0,15.0,80.761,1.374,1.11,-1.0,,,,,,,,,,,,,1.048,28.0,17.0,391.0,3.0,13.333333333333334,0.0,0,0.5,2025,23,Losail International Circuit,-5.0
ALB,Williams,11.0,14.0,2,Finished,,0,14.0,80.629,1.242,0.378,-1.0,,,,,,,,,,,,,0.895,73.0,8.0,121.0,5.0,13.0,0.3333333333333333,0,0.5,2025,23,Losail International Circuit,-3.0
HAM,Ferrari,12.0,17.0,2,Finished,,0,17.0,80.907,1.52,0.564,-1.0,,,,,,,,,,,,,1.028,152.0,6.0,378.0,4.0,11.333333333333334,0.3333333333333333,0,0.5,2025,23,Losail International Circuit,-5.0
BOR,Kick Sauber,13.0,19.0,2,Finished,,0,19.0,80.534,1.147,0.181,5.0,,,,,,,,,,,,,1.212,19.0,19.0,68.0,9.0,15.666666666666666,0.6666666666666666,0,0.5,2025,23,Losail International Circuit,-6.0
COL,Alpine F1 Team,14.0,20.0,3,Lapped,,0,20.0,81.137,1.75,0.813,0.0,,,,,,,,,,,,,2.202,0.0,20.0,22.0,10.0,15.333333333333334,0.0,0,0.5,2025,23,Losail International Circuit,-6.0
OCO,Haas F1 Team,15.0,16.0,3,Lapped,,0,16.0,80.864,1.477,0.426,-1.0,,,,,,,,,,,,,1.382,32.0,15.0,73.0,7.0,10.0,0.0,0,0.5,2025,23,Losail International Circuit,-1.0
GAS,Alpine F1 Team,16.0,9.0,2,Lapped,,0,9.0,80.324,0.937,0.0,0.0,,,,,,,,,,,,,1.71,22.0,18.0,22.0,10.0,12.666666666666666,0.0,0,0.5,2025,23,Losail International Circuit,7.0
STR,Aston Martin,17.0,18.0,3,Retired,DNF,1,18.0,81.058,1.671,0.839,-1.0,,,,,,,,,,,,,0.793,32.0,16.0,72.0,8.0,16.0,0.3333333333333333,0,0.5,2025,23,Losail International Circuit,-1.0
HAD,Racing Bulls,18.0,6.0,2,Retired,DNF,1,6.0,80.114,0.727,0.0,0.0,,,,,,,,,,,,,0.782,51.0,9.0,0.0,10.0,9.0,0.0,0,0.5,2025,23,Losail International Circuit,12.0
BEA,Haas F1 Team,19.0,13.0,3,Retired,DNF,1,13.0,80.438,1.051,0.0,0.0,,,,,,,,,,,,,1.102,41.0,12.0,73.0,7.0,6.666666666666667,0.0,0,0.5,2025,23,Losail International Circuit,6.0
HUL,Kick Sauber,20.0,11.0,1,Retired,DNF,1,11.0,80.353,0.966,0.0,0.0,,,,,,,,,,,,,0.825,49.0,10.0,68.0,9.0,11.666666666666666,0.3333333333333333,0,0.5,2025,23,Losail International Circuit,9.0
VER,Red Bull,1.0,1.0,1,Finished,,0,1.0,82.207,0.0,0.0,0.0,0.12399999999999523,0.0,0.03999999999999915,0.33999999999999986,332.0,0.0,0.36299999999999955,0.15499999999999758,0.0,0.2959999999999994,330.0,0.0,0.237,396.0,2.0,426.0,3.0,1.6666666666666667,0.0,0,0.4,2025,24,Yas Marina Circuit,0.0
PIA,McLaren,2.0,3.0,1,Finished,,0,3.0,82.437,0.23,0.029,0.0,0.25900000000000034,0.012999999999998124,0.24099999999999966,0.3190000000000026,334.0,0.25500000000000966,0.6800000000000068,0.12199999999999989,0.2839999999999989,0.23300000000000054,327.0,0.6800000000000068,0.417,392.0,3.0,800.0,1.0,9.0,0.3333333333333333,0,0.4,2025,24,Yas Marina Circuit,-1.0
NOR,McLaren,3.0,2.0,2,Finished,,0,2.0,82.408,0.201,0.0,0.0,0.003999999999990678,0.0030000000000001137,0.17199999999999704,0.0,328.0,0.0,0.0,0.0,0.08799999999999386,0.0,328.0,0.0,0.0,408.0,1.0,800.0,1.0,8.0,0.3333333333333333,0,0.4,2025,24,Yas Marina Circuit,1.0
LEC,Ferrari,4.0,5.0,2,Finished,,0,5.0,82.73,0.523,0.0,0.0,0.340999999999994,0.1789999999999985,0.1180000000000021,0.36299999999999955,330.0,0.0,0.5750000000000028,0.19599999999999795,0.11299999999999955,0.3539999999999992,330.0,0.0,0.569,230.0,5.0,382.0,4.0,10.333333333333334,0.3333333333333333,0,0.4,2025,24,Yas Marina Circuit,-1.0
RUS,Mercedes,5.0,4.0,1,Finished,,0,4.0,82.645,0.438,0.0,0.0,0.0,0.027999999999998693,0.0,0.29100000000000037,328.0,0.0,0.3790000000000049,0.16300000000000026,0.19899999999999807,0.10500000000000043,325.0,0.0,0.063,309.0,4.0,459.0,2.0,4.0,0.0,0,0.4,2025,24,Yas Marina Circuit,1.0
ALO,Aston Martin,6.0,6.0,1,Finished,,0,6.0,82.861,0.654,0.0,0.0,0.25099999999999056,0.007999999999999119,0.19500000000000028,0.3180000000000014,327.0,0.0,0.625,0.1059999999999981,0.117999999999995,0.43799999999999883,327.0,0.0,0.387,48.0,12.0,80.0,7.0,10.666666666666666,0.0,0,0.4,2025,24,Yas Marina Circuit,0.0
OCO,Haas F1 Team,7.0,8.0,1,Finished,,0,8.0,82.913,0.706,0.0,-1.0,0.2710000000000008,0.11999999999999744,0.006999999999997897,0.46300000000000097,327.0,0.0,0.875,0.25,0.25099999999999767,0.46199999999999974,327.0,0.45699999999999363,0.519,32.0,16.0,73.0,8.0,12.0,0.0,0,0.4,2025,24,Yas Marina Circuit,-1.0
HAM,Ferrari,8.0,16.0,2,Finished,,0,16.0,83.394,1.187,0.664,0.0,1.1359999999999957,0.31400000000000006,0.38000000000000256,0.7610000000000028,324.0,0.7950000000000017,0.8559999999999945,0.19399999999999906,0.041999999999994486,0.7079999999999984,329.0,0.2809999999999917,0.856,152.0,6.0,382.0,4.0,12.666666666666666,0.3333333333333333,0,0.4,2025,24,Yas Marina Circuit,-8.0
HUL,Kick Sauber,9.0,18.0,2,Finished,,0,18.0,83.45,1.243,0.576,0.0,0.5360000000000014,0.14999999999999858,0.15399999999999636,0.4410000000000025,325.0,0.07900000000000773,0.46699999999999875,0.16900000000000048,0.031999999999996476,0.2270000000000003,325.0,0.0,0.34,49.0,11.0,68.0,9.0,12.0,0.3333333333333333,0,0.4,2025,24,Yas Marina Circuit,-9.0
STR,Aston Martin,10.0,15.0,1,Finished,,0,15.0,83.097,0.89,0.236,0.0,0.5609999999999928,0.2099999999999973,0.15500000000000114,0.5150000000000006,325.0,0.3100000000000023,0.7489999999999952,0.11899999999999977,0.259999999999998,0.43100000000000094,327.0,0.12399999999999523,0.606,32.0,17.0,80.0,7.0,17.0,0.6666666666666666,0,0.4,2025,24,Yas Marina Circuit,-5.0
BOR,Kick Sauber,11.0,7.0,1,Finished,,0,7.0,82.874,0.667,0.0,0.0,0.45699999999999363,0.08599999999999852,0.2119999999999962,0.3230000000000004,325.0,0.0,0.48699999999999477,0.134999999999998,0.20399999999999352,0.21699999999999875,325.0,0.01999999999999602,0.445,19.0,19.0,68.0,9.0,16.666666666666668,0.6666666666666666,0,0.4,2025,24,Yas Marina Circuit,4.0
BEA,Haas F1 Team,12.0,11.0,1,Finished,,0,11.0,83.041,0.834,0.128,-1.0,0.2749999999999915,0.14000000000000057,0.11699999999999733,0.33699999999999974,327.0,0.003999999999990678,0.41800000000000637,0.18299999999999983,0.07699999999999818,0.24399999999999977,330.0,0.0,0.402,41.0,13.0,73.0,8.0,11.666666666666666,0.3333333333333333,0,0.4,2025,24,Yas Marina Circuit,1.0
SAI,Williams,13.0,12.0,1,Finished,,0,12.0,83.042,0.835,0.0,-1.0,0.47700000000000387,0.10899999999999821,0.016999999999995907,0.6700000000000017,327.0,0.08900000000001285,0.7890000000000015,0.20899999999999963,0.11399999999999721,0.5010000000000012,323.0,0.0,0.557,64.0,9.0,137.0,5.0,7.0,0.0,0,0.4,2025,24,Yas Marina Circuit,1.0
TSU,Red Bull,14.0,10.0,1,Finished,,0,10.0,83.034,0.827,0.827,-1.0,1.3589999999999947,0.3290000000000006,0.2849999999999966,1.064,328.0,1.2349999999999994,1.2199999999999989,0.29799999999999827,0.117999999999995,0.8919999999999995,329.0,0.8569999999999993,1.22,33.0,15.0,426.0,3.0,13.0,0.0,0,0.4,2025,24,Yas Marina Circuit,4.0
ANT,Mercedes,15.0,14.0,1,Finished,,0,14.0,82.894,0.687,0.249,6.0,0.37299999999999045,0.04499999999999815,0.0940000000000012,0.5530000000000008,329.0,0.37299999999999045,0.6670000000000016,0.07900000000000063,0.04399999999999693,0.5530000000000008,329.0,0.2879999999999967,0.583,150.0,7.0,459.0,2.0,3.3333333333333335,0.0,0,0.4,2025,24,Yas Marina Circuit,1.0
ALB,Williams,16.0,17.0,2,Finished,,0,17.0,83.416,1.209,0.374,0.0,0.387999999999991,0.06899999999999906,0.07099999999999795,0.48200000000000287,326.0,0.0,0.8670000000000044,0.09399999999999764,0.2079999999999984,0.5829999999999984,325.0,0.07800000000000296,0.55,73.0,8.0,137.0,5.0,12.666666666666666,0.3333333333333333,0,0.4,2025,24,Yas Marina Circuit,-1.0
HAD,Racing Bulls,17.0,9.0,1,Lapped,,0,9.0,82.997,0.79,0.0,-1.0,0.644999999999996,0.13899999999999935,0.18099999999999739,0.5410000000000004,329.0,0.031999999999996476,0.5739999999999981,0.13799999999999812,0.18999999999999773,0.33399999999999963,327.0,0.0,0.554,51.0,10.0,0.0,10.0,10.666666666666666,0.3333333333333333,0,0.4,2025,24,Yas Marina Circuit,8.0
LAW,Racing Bulls,18.0,13.0,1,Lapped,,0,13.0,83.077,0.87,0.08,-1.0,0.6129999999999995,0.14999999999999858,0.22699999999999676,0.5250000000000021,329.0,0.0,1.3910000000000053,0.2560000000000002,0.3859999999999957,0.7259999999999991,327.0,0.8170000000000073,0.834,38.0,14.0,0.0,10.0,10.0,0.0,0,0.4,2025,24,Yas Marina Circuit,5.0
GAS,Alpine F1 Team,19.0,19.0,2,Lapped,,0,19.0,83.468,1.261,0.0,0.0,0.7379999999999995,0.18299999999999983,0.13799999999999812,0.7360000000000007,328.0,0.0,1.8799999999999955,0.38700000000000045,0.5719999999999956,0.9989999999999988,326.0,0.19199999999999307,0.989,22.0,18.0,22.0,10.0,13.0,0.0,0,0.4,2025,24,Yas Marina Circuit,0.0
COL,Alpine F1 Team,20.0,20.0,2,Lapped,,0,20.0,83.89,1.683,0.422,0.0,1.1670000000000016,0.2699999999999996,0.3290000000000006,0.875,329.0,0.42900000000000205,1.6880000000000024,0.4079999999999977,0.6129999999999995,0.7089999999999996,325.0,0.0,1.238,0.0,20.0,22.0,10.0,14.666666666666666,0.0,0,0.4,2025,24,Yas Marina Circuit,0.0
ANT,Mercedes,1.0,1.0,1,Finished,,0,1.0,88.778,0.0,0.0,0.0,0.0,0.12999999999999545,0.0,0.0,281.0,0.0,0.09199999999999875,0.24099999999999966,0.0,0.0,288.0,0.0,0.0,47.0,2.0,98.0,1.0,1.5,0.0,0,0.35,2026,3,Suzuka Circuit,0.0
PIA,McLaren,2.0,3.0,1,Finished,,0,3.0,89.132,0.354,0.0,0.0,1.0020000000000095,0.5519999999999996,0.22299999999999898,0.1739999999999995,282.0,0.0,0.0,0.0,0.11299999999999955,0.11700000000000088,292.0,0.0,0.65,3.0,12.0,18.0,3.0,20.0,0.0,0,0.35,2026,3,Suzuka Circuit,-1.0
LEC,Ferrari,3.0,4.0,1,Finished,,0,4.0,89.303,0.525,0.0,0.0,0.8670000000000044,0.2889999999999944,0.43200000000000216,0.09600000000000009,286.0,0.0,0.7130000000000081,0.3990000000000009,0.27299999999999613,0.12299999999999756,293.0,0.0,0.687,34.0,3.0,67.0,2.0,3.5,0.0,0,0.35,2026,3,Suzuka Circuit,-1.0
RUS,Mercedes,4.0,2.0,1,Finished,,0,2.0,89.076,0.298,0.298,0.0,0.2540000000000049,0.0,0.028999999999996362,0.12199999999999989,282.0,0.2540000000000049,0.2049999999999983,0.05799999999999983,0.12399999999999523,0.17099999999999937,281.0,0.11299999999999955,0.021,51.0,1.0,98.0,1.0,1.5,0.0,0,0.35,2026,3,Suzuka Circuit,2.0
NOR,McLaren,5.0,5.0,1,Finished,,0,5.0,89.409,0.631,0.277,0.0,1.2379999999999995,0.6139999999999972,0.29699999999999704,0.29100000000000037,279.0,0.23599999999999,0.5160000000000053,0.2150000000000034,0.36599999999999966,0.07000000000000028,289.0,0.5160000000000053,0.929,15.0,6.0,18.0,3.0,12.5,0.0,0,0.35,2026,3,Suzuka Circuit,0.0
HAM,Ferrari,6.0,6.0,1,Finished,,0,6.0,89.567,0.789,0.264,0.0,1.0210000000000008,0.377999999999993,0.49199999999999733,0.22299999999999898,283.0,0.15399999999999636,0.8470000000000084,0.3620000000000019,0.384999999999998,0.19699999999999918,279.0,0.13400000000000034,0.963,33.0,4.0,67.0,2.0,3.5,0.0,0,0.35,2026,3,Suzuka Circuit,0.0
GAS,Alpine F1 Team,7.0,7.0,1,Finished,,0,7.0,89.691,0.913,0.0,0.0,1.7199999999999989,0.9419999999999931,0.6999999999999957,0.2010000000000005,282.0,0.0,1.600999999999999,1.0180000000000007,0.5399999999999991,0.1319999999999979,291.0,0.0,1.713,9.0,7.0,10.0,7.0,8.0,0.0,0,0.35,2026,3,Suzuka Circuit,0.0
VER,Red Bull,8.0,11.0,1,Finished,,0,11.0,90.262,1.484,0.284,0.0,1.5480000000000018,0.6299999999999955,0.8109999999999999,0.19200000000000017,288.0,0.0,1.3760000000000048,0.6409999999999982,0.8429999999999964,0.04899999999999949,288.0,0.0,1.454,8.0,8.0,12.0,5.0,11.0,0.5,0,0.35,2026,3,Suzuka Circuit,-3.0
LAW,Racing Bulls,9.0,14.0,1,Finished,,0,14.0,90.495,1.717,0.386,0.0,1.7349999999999994,1.0319999999999965,0.679000000000002,0.1039999999999992,287.0,0.0,1.4570000000000078,0.7190000000000012,0.5479999999999947,0.2940000000000005,289.0,0.0,1.685,8.0,9.0,0.0,11.0,10.0,0.0,0,0.35,2026,3,Suzuka Circuit,-5.0
OCO,Haas F1 Team,10.0,12.0,1,Finished,,0,12.0,90.309,1.531,0.0,0.0,1.9639999999999986,1.0969999999999942,0.7289999999999992,0.23600000000000065,285.0,0.0,1.399000000000001,0.6460000000000008,0.7239999999999966,0.25900000000000034,283.0,0.033999999999991815,1.864,0.0,16.0,17.0,4.0,12.5,0.0,0,0.35,2026,3,Suzuka Circuit,-2.0
HUL,Audi,11.0,13.0,1,Finished,,0,13.0,90.358,1.58,0.368,0.0,1.2960000000000065,0.6489999999999938,0.6809999999999974,0.13299999999999912,286.0,0.0,1.308000000000007,0.5339999999999989,0.6359999999999957,0.11100000000000065,295.0,0.0,1.333,0.0,17.0,2.0,8.0,16.5,0.0,0,0.35,2026,3,Suzuka Circuit,-2.0
HAD,Red Bull,12.0,8.0,1,Finished,,0,8.0,89.978,1.2,0.0,0.0,1.7319999999999993,0.7269999999999968,0.9200000000000017,0.2240000000000002,287.0,0.1839999999999975,1.6260000000000048,0.8060000000000045,0.8979999999999961,0.11899999999999977,284.0,0.25,1.73,4.0,11.0,12.0,5.0,14.0,0.5,0,0.35,2026,3,Suzuka Circuit,4.0
BOR,Audi,13.0,9.0,1,Finished,,0,9.0,89.99,1.212,0.0,0.0,1.6380000000000052,0.7819999999999965,0.6989999999999981,0.11400000000000077,288.0,0.34199999999999875,1.8000000000000114,0.7629999999999981,1.006999999999998,0.17800000000000082,284.0,0.49200000000000443,1.465,2.0,14.0,2.0,8.0,15.0,0.0,0,0.35,2026,3,Suzuka Circuit,4.0
LIN,Racing Bulls,14.0,10.0,1,Finished,,0,10.0,90.109,1.331,0.0,0.0,1.926000000000002,1.0089999999999932,0.9320000000000022,0.10200000000000031,285.0,0.1910000000000025,1.399000000000001,0.7190000000000012,0.7239999999999966,0.17099999999999937,288.0,0.0,1.913,4.0,10.0,0.0,11.0,10.0,0.0,0,0.35,2026,3,Suzuka Circuit,4.0
SAI,Williams,15.0,16.0,1,Finished,,0,16.0,90.927,2.149,0.0,0.0,2.4669999999999987,1.1939999999999955,1.1330000000000027,0.1479999999999997,309.0,0.09599999999998943,1.4750000000000085,0.838000000000001,0.7399999999999949,0.1269999999999989,289.0,0.11200000000000898,2.183,2.0,13.0,2.0,9.0,12.0,0.0,0,0.35,2026,3,Suzuka Circuit,-1.0
COL,Alpine F1 Team,16.0,15.0,1,Finished,,0,15.0,90.627,1.849,0.936,0.0,2.3970000000000056,1.2369999999999948,0.9709999999999965,0.26699999999999946,279.0,0.6770000000000067,2.305000000000007,1.1129999999999995,0.9619999999999962,0.24899999999999878,288.0,0.7040000000000077,2.345,1.0,15.0,10.0,7.0,12.0,0.0,0,0.35,2026,3,Suzuka Circuit,1.0
PER,Cadillac,17.0,19.0,1,Finished,,0,19.0,92.206,3.428,0.0,0.0,3.1780000000000115,1.441999999999993,1.269999999999996,0.504999999999999,283.0,0.03700000000000614,3.5559999999999974,1.3170000000000002,1.4699999999999989,0.7509999999999977,286.0,1.073999999999998,3.087,0.0,20.0,0.0,11.0,15.5,0.0,0,0.35,2026,3,Suzuka Circuit,-2.0
ALO,Aston Martin,18.0,21.0,2,Lapped,,0,21.0,92.646,3.868,0.0,0.0,4.167000000000002,1.7779999999999987,1.8369999999999962,0.6490000000000009,282.0,0.04399999999999693,3.463000000000008,1.5120000000000005,1.6059999999999945,0.4079999999999977,288.0,0.0,3.987,0.0,21.0,0.0,11.0,17.5,1.0,0,0.35,2026,3,Suzuka Circuit,-3.0
BOT,Cadillac,19.0,20.0,1,Lapped,,0,20.0,92.33,3.552,0.124,0.0,3.1410000000000053,1.6339999999999932,1.2849999999999966,0.277000000000001,289.0,0.0,2.4819999999999993,1.2520000000000024,1.1920000000000002,0.2680000000000007,290.0,0.0,3.066,0.0,19.0,0.0,11.0,16.0,0.5,0,0.35,2026,3,Suzuka Circuit,-1.0
ALB,Williams,20.0,17.0,6,Lapped,,0,17.0,91.088,2.31,0.161,0.0,2.3710000000000093,1.4169999999999945,0.8870000000000005,0.23400000000000176,285.0,0.0,1.3629999999999995,0.7340000000000018,0.7119999999999962,0.14699999999999847,285.0,0.0,2.108,0.0,18.0,2.0,9.0,17.0,0.0,0,0.35,2026,3,Suzuka Circuit,3.0
STR,Aston Martin,21.0,22.0,2,Retired,DNF,1,22.0,92.92,4.142,0.274,0.0,4.123000000000005,1.7619999999999933,1.8870000000000005,0.5229999999999997,276.0,0.0,3.817999999999998,1.6920000000000002,1.7849999999999966,0.3979999999999997,280.0,0.35499999999998977,4.011,0.0,22.0,0.0,11.0,17.5,0.5,0,0.35,2026,3,Suzuka Circuit,-1.0
BEA,Haas F1 Team,22.0,18.0,1,Retired,DNF,1,18.0,91.09,2.312,0.781,0.0,2.196000000000012,1.1269999999999953,0.7989999999999995,0.22500000000000142,281.0,0.23200000000001353,1.365000000000009,0.554000000000002,0.7650000000000006,0.2530000000000001,279.0,0.0,1.831,17.0,5.0,17.0,4.0,6.0,0.0,0,0.35,2026,3,Suzuka Circuit,4.0
